Country Name,Country Code,Indicator Name,Indicator Code,1960,1961,1962,1963,1964,1965,1966,1967,1968,1969,1970,1971,1972,1973,1974,1975,1976,1977,1978,1979,1980,1981,1982,1983,1984,1985,1986,1987,1988,1989,1990,1991,1992,1993,1994,1995,1996,1997,1998,1999,2000,2001,2002,2003,2004,2005,2006,2007,2008,2009,2010,2011,2012,2013,2014,2015,2016,2017,2018,2019,2020
Aruba,ABW,Sex ratio at birth (male births per female births),SP.POP.BRTH.MF,,,1.05,,,,,1.05,,,,,1.05,,,,,1.05,,,,,1.05,,,,,1.05,,,1.05,,1.05,,,,,1.05,,,,,1.05,,,,,1.05,1.05,1.05,1.05,1.05,1.05,1.05,1.05,1.05,1.05,1.05,1.05,,
Afghanistan,AFG,Sex ratio at birth (male births per female births),SP.POP.BRTH.MF,,,1.06,,,,,1.06,,,,,1.06,,,,,1.06,,,,,1.06,,,,,1.06,,,1.06,,1.06,,,,,1.06,,,,,1.06,,,,,1.06,1.06,1.06,1.06,1.06,1.06,1.06,1.06,1.06,1.06,1.06,1.06,,
Angola,AGO,Sex ratio at birth (male births per female births),SP.POP.BRTH.MF,,,1.02,,,,,1.02,,,,,1.02,,,,,1.02,,,,,1.02,,,,,1.02,,,1.02,,1.02,,,,,1.02,,,,,1.02,,,,,1.02,1.022,1.024,1.026,1.028,1.03,1.03,1.03,1.03,1.03,1.03,1.03,,
Albania,ALB,Sex ratio at birth (male births per female births),SP.POP.BRTH.MF,,,1.06,,,,,1.062,,,,,1.066,,,,,1.074,,,,,1.085,,,,,1.08,,,1.084,,1.086,,,,,1.094,,,,,1.116,,,,,1.122,1.118,1.113,1.109,1.104,1.1,1.097,1.094,1.092,1.089,1.086,1.085,,
Andorra,AND,Sex ratio at birth (male births per female births),SP.POP.BRTH.MF,,,,,,,,,,,,,,,,,,,,,,,,,,,,,,,,,,,,,,,,,,,,,,,,,,,,,,,,,,,,,
Arab World,ARB,Sex ratio at birth (male births per female births),SP.POP.BRTH.MF,,,1.051494043,,,,,1.051482517,,,,,1.051515589,,,,,1.051207573,,,,,1.050804727,,,,,1.051295133,,,1.051428152,,1.051652787,,,,,1.051721769,,,,,1.053014985,,,,,1.052655527,1.052667542,1.052708591,1.052849783,1.052910788,1.052955961,1.052754258,1.05250934,1.051958536,1.051641568,1.05131153,1.051241459,,
United Arab Emirates,ARE,Sex ratio at birth (male births per female births),SP.POP.BRTH.MF,,,1.045,,,,,1.045,,,,,1.045,,,,,1.045,,,,,1.045,,,,,1.045,,,1.045,,1.045,,,,,1.045,,,,,1.045,,,,,1.045,1.045,1.045,1.045,1.045,1.045,1.045,1.045,1.045,1.045,1.045,1.045,,
Argentina,ARG,Sex ratio at birth (male births per female births),SP.POP.BRTH.MF,,,1.04,,,,,1.04,,,,,1.04,,,,,1.04,,,,,1.04,,,,,1.04,,,1.04,,1.04,,,,,1.04,,,,,1.04,,,,,1.04,1.04,1.04,1.04,1.04,1.04,1.04,1.04,1.04,1.04,1.04,1.04,,
Armenia,ARM,Sex ratio at birth (male births per female births),SP.POP.BRTH.MF,,,1.064,,,,,1.064,,,,,1.057,,,,,1.052,,,,,1.05,,,,,1.058,,,1.069,,1.077,,,,,1.151,,,,,1.173,,,,,1.151,1.148,1.146,1.143,1.141,1.138,1.133,1.128,1.123,1.118,1.113,1.109,,
American Samoa,ASM,Sex ratio at birth (male births per female births),SP.POP.BRTH.MF,,,,,,,,,,,,,,,,,,,,,,,,,,,,,,,,,,,,,,,,,,,,,,,,,,,,,,,,,,,,,
Antigua and Barbuda,ATG,Sex ratio at birth (male births per female births),SP.POP.BRTH.MF,,,1.03,,,,,1.03,,,,,1.03,,,,,1.03,,,,,1.03,,,,,1.03,,,1.03,,1.03,,,,,1.03,,,,,1.03,,,,,1.03,1.03,1.03,1.03,1.03,1.03,1.03,1.03,1.03,1.03,1.03,1.03,,
Australia,AUS,Sex ratio at birth (male births per female births),SP.POP.BRTH.MF,,,1.058,,,,,1.055,,,,,1.053,,,,,1.056,,,,,1.055,,,,,1.054,,,1.055,,1.056,,,,,1.054,,,,,1.055,,,,,1.056,1.056,1.056,1.057,1.057,1.057,1.057,1.056,1.056,1.055,1.055,1.055,,
Austria,AUT,Sex ratio at birth (male births per female births),SP.POP.BRTH.MF,,,1.055,,,,,1.055,,,,,1.055,,,,,1.055,,,,,1.055,,,,,1.055,,,1.055,,1.055,,,,,1.055,,,,,1.055,,,,,1.055,1.055,1.055,1.055,1.055,1.055,1.055,1.055,1.055,1.055,1.055,1.055,,
Azerbaijan,AZE,Sex ratio at birth (male births per female births),SP.POP.BRTH.MF,,,1.062,,,,,1.062,,,,,1.062,,,,,1.062,,,,,1.062,,,,,1.062,,,1.073,,1.08,,,,,1.13,,,,,1.17,,,,,1.166,1.164,1.163,1.161,1.16,1.158,1.151,1.145,1.138,1.132,1.125,1.124,,
Burundi,BDI,Sex ratio at birth (male births per female births),SP.POP.BRTH.MF,,,1.03,,,,,1.03,,,,,1.03,,,,,1.03,,,,,1.03,,,,,1.03,,,1.03,,1.03,,,,,1.03,,,,,1.03,,,,,1.03,1.03,1.03,1.03,1.03,1.03,1.03,1.03,1.03,1.03,1.03,1.03,,
Belgium,BEL,Sex ratio at birth (male births per female births),SP.POP.BRTH.MF,,,1.059,,,,,1.059,,,,,1.058,,,,,1.059,,,,,1.057,,,,,1.058,,,1.054,,1.051,,,,,1.043,,,,,1.05,,,,,1.05,1.05,1.05,1.05,1.05,1.05,1.05,1.05,1.05,1.05,1.05,1.05,,
Benin,BEN,Sex ratio at birth (male births per female births),SP.POP.BRTH.MF,,,1.041,,,,,1.041,,,,,1.041,,,,,1.041,,,,,1.041,,,,,1.041,,,1.041,,1.041,,,,,1.041,,,,,1.041,,,,,1.041,1.041,1.041,1.041,1.041,1.041,1.041,1.041,1.041,1.041,1.041,1.041,,
Burkina Faso,BFA,Sex ratio at birth (male births per female births),SP.POP.BRTH.MF,,,1.046,,,,,1.046,,,,,1.046,,,,,1.046,,,,,1.046,,,,,1.046,,,1.046,,1.046,,,,,1.046,,,,,1.046,,,,,1.046,1.046,1.046,1.046,1.046,1.046,1.046,1.046,1.046,1.046,1.046,1.046,,
Bangladesh,BGD,Sex ratio at birth (male births per female births),SP.POP.BRTH.MF,,,1.049,,,,,1.049,,,,,1.049,,,,,1.049,,,,,1.049,,,,,1.049,,,1.049,,1.049,,,,,1.049,,,,,1.049,,,,,1.049,1.049,1.049,1.049,1.049,1.049,1.049,1.049,1.049,1.049,1.049,1.049,,
Bulgaria,BGR,Sex ratio at birth (male births per female births),SP.POP.BRTH.MF,,,1.058,,,,,1.062,,,,,1.061,,,,,1.061,,,,,1.061,,,,,1.06,,,1.055,,1.052,,,,,1.058,,,,,1.064,,,,,1.057,1.058,1.058,1.059,1.059,1.06,1.06,1.06,1.06,1.06,1.06,1.06,,
Bahrain,BHR,Sex ratio at birth (male births per female births),SP.POP.BRTH.MF,,,1.05,,,,,1.05,,,,,1.05,,,,,1.05,,,,,1.05,,,,,1.048,,,1.046,,1.045,,,,,1.042,,,,,1.04,,,,,1.038,1.037,1.037,1.036,1.036,1.035,1.036,1.036,1.037,1.037,1.038,1.038,,
"Bahamas, The",BHS,Sex ratio at birth (male births per female births),SP.POP.BRTH.MF,,,1.057,,,,,1.057,,,,,1.057,,,,,1.057,,,,,1.057,,,,,1.057,,,1.057,,1.057,,,,,1.057,,,,,1.057,,,,,1.057,1.057,1.057,1.057,1.057,1.057,1.057,1.057,1.057,1.057,1.057,1.057,,
Bosnia and Herzegovina,BIH,Sex ratio at birth (male births per female births),SP.POP.BRTH.MF,,,1.065,,,,,1.065,,,,,1.065,,,,,1.065,,,,,1.065,,,,,1.065,,,1.065,,1.065,,,,,1.065,,,,,1.065,,,,,1.065,1.063,1.06,1.058,1.055,1.053,1.055,1.058,1.06,1.063,1.065,1.062,,
Belarus,BLR,Sex ratio at birth (male births per female births),SP.POP.BRTH.MF,,,1.06,,,,,1.057,,,,,1.056,,,,,1.053,,,,,1.052,,,,,1.06,,,1.063,,1.065,,,,,1.066,,,,,1.061,,,,,1.063,1.063,1.063,1.064,1.064,1.064,1.064,1.064,1.063,1.063,1.063,1.063,,
Belize,BLZ,Sex ratio at birth (male births per female births),SP.POP.BRTH.MF,,,1.03,,,,,1.03,,,,,1.03,,,,,1.03,,,,,1.03,,,,,1.03,,,1.03,,1.03,,,,,1.03,,,,,1.03,,,,,1.03,1.03,1.03,1.03,1.03,1.03,1.03,1.03,1.03,1.03,1.03,1.03,,
Bermuda,BMU,Sex ratio at birth (male births per female births),SP.POP.BRTH.MF,,,,,,,,,,,,,,,,,,,,,,,,,,,,,,,,,,,,,,,,,,,,,,,,,,,,,,,,,,,,,
Bolivia,BOL,Sex ratio at birth (male births per female births),SP.POP.BRTH.MF,,,1.05,,,,,1.05,,,,,1.05,,,,,1.05,,,,,1.05,,,,,1.05,,,1.05,,1.05,,,,,1.05,,,,,1.05,,,,,1.05,1.05,1.05,1.05,1.05,1.05,1.05,1.05,1.05,1.05,1.05,1.05,,
Brazil,BRA,Sex ratio at birth (male births per female births),SP.POP.BRTH.MF,,,1.05,,,,,1.05,,,,,1.05,,,,,1.05,,,,,1.05,,,,,1.05,,,1.05,,1.05,,,,,1.05,,,,,1.05,,,,,1.05,1.05,1.05,1.05,1.05,1.05,1.05,1.05,1.05,1.05,1.05,1.05,,
Barbados,BRB,Sex ratio at birth (male births per female births),SP.POP.BRTH.MF,,,1.036,,,,,1.036,,,,,1.036,,,,,1.036,,,,,1.036,,,,,1.036,,,1.036,,1.036,,,,,1.036,,,,,1.036,,,,,1.036,1.036,1.036,1.036,1.036,1.036,1.036,1.036,1.036,1.036,1.036,1.036,,
Brunei Darussalam,BRN,Sex ratio at birth (male births per female births),SP.POP.BRTH.MF,,,1.055,,,,,1.055,,,,,1.055,,,,,1.055,,,,,1.055,,,,,1.055,,,1.055,,1.055,,,,,1.055,,,,,1.055,,,,,1.055,1.055,1.055,1.055,1.055,1.055,1.055,1.055,1.055,1.055,1.055,1.055,,
Bhutan,BTN,Sex ratio at birth (male births per female births),SP.POP.BRTH.MF,,,1.04,,,,,1.04,,,,,1.04,,,,,1.04,,,,,1.04,,,,,1.04,,,1.04,,1.04,,,,,1.04,,,,,1.04,,,,,1.04,1.04,1.04,1.04,1.04,1.04,1.04,1.04,1.04,1.04,1.04,1.04,,
Botswana,BWA,Sex ratio at birth (male births per female births),SP.POP.BRTH.MF,,,1.031,,,,,1.031,,,,,1.031,,,,,1.031,,,,,1.031,,,,,1.031,,,1.031,,1.031,,,,,1.031,,,,,1.031,,,,,1.031,1.031,1.031,1.031,1.031,1.031,1.031,1.031,1.031,1.031,1.031,1.031,,
Central African Republic,CAF,Sex ratio at birth (male births per female births),SP.POP.BRTH.MF,,,1.03,,,,,1.03,,,,,1.03,,,,,1.03,,,,,1.03,,,,,1.03,,,1.03,,1.03,,,,,1.03,,,,,1.03,,,,,1.03,1.03,1.03,1.03,1.03,1.03,1.03,1.03,1.03,1.03,1.03,1.03,,
Canada,CAN,Sex ratio at birth (male births per female births),SP.POP.BRTH.MF,,,1.055,,,,,1.055,,,,,1.06,,,,,1.056,,,,,1.056,,,,,1.052,,,1.054,,1.056,,,,,1.054,,,,,1.054,,,,,1.053,1.053,1.053,1.054,1.054,1.054,1.054,1.054,1.053,1.053,1.053,1.054,,
Central Europe and the Baltics,CEB,Sex ratio at birth (male births per female births),SP.POP.BRTH.MF,,,1.057138056,,,,,1.057080386,,,,,1.057207386,,,,,1.057196274,,,,,1.056829227,,,,,1.057069849,,,1.056233207,,1.055601025,,,,,1.057469325,,,,,1.057361144,,,,,1.055880022,1.056111608,1.05625679,1.056443458,1.056537521,1.056800146,1.056930301,1.057025167,1.057268454,1.05735025,1.057454391,1.057331726,,
Switzerland,CHE,Sex ratio at birth (male births per female births),SP.POP.BRTH.MF,,,1.052,,,,,1.052,,,,,1.052,,,,,1.052,,,,,1.052,,,,,1.052,,,1.052,,1.052,,,,,1.052,,,,,1.052,,,,,1.052,1.052,1.052,1.052,1.052,1.052,1.052,1.052,1.052,1.052,1.052,1.052,,
Channel Islands,CHI,Sex ratio at birth (male births per female births),SP.POP.BRTH.MF,,,1.057,,,,,1.057,,,,,1.057,,,,,1.057,,,,,1.057,,,,,1.057,,,1.057,,1.057,,,,,1.057,,,,,1.057,,,,,1.057,1.057,1.057,1.057,1.057,1.057,1.057,1.057,1.057,1.057,1.057,1.057,,
Chile,CHL,Sex ratio at birth (male births per female births),SP.POP.BRTH.MF,,,1.04,,,,,1.04,,,,,1.04,,,,,1.04,,,,,1.04,,,,,1.04,,,1.04,,1.04,,,,,1.04,,,,,1.04,,,,,1.04,1.04,1.04,1.04,1.04,1.04,1.04,1.04,1.04,1.04,1.04,1.04,,
China,CHN,Sex ratio at birth (male births per female births),SP.POP.BRTH.MF,,,1.07,,,,,1.07,,,,,1.07,,,,,1.07,,,,,1.07,,,,,1.08,,,1.104,,1.12,,,,,1.14,,,,,1.16,,,,,1.17,1.166,1.162,1.158,1.154,1.15,1.146,1.142,1.138,1.134,1.13,1.126,,
Cote d'Ivoire,CIV,Sex ratio at birth (male births per female births),SP.POP.BRTH.MF,,,1.03,,,,,1.03,,,,,1.03,,,,,1.03,,,,,1.03,,,,,1.03,,,1.03,,1.03,,,,,1.03,,,,,1.03,,,,,1.03,1.03,1.03,1.03,1.03,1.03,1.03,1.03,1.03,1.03,1.03,1.03,,
Cameroon,CMR,Sex ratio at birth (male births per female births),SP.POP.BRTH.MF,,,1.03,,,,,1.03,,,,,1.03,,,,,1.03,,,,,1.03,,,,,1.03,,,1.03,,1.03,,,,,1.03,,,,,1.03,,,,,1.03,1.03,1.03,1.03,1.03,1.03,1.03,1.03,1.03,1.03,1.03,1.03,,
"Congo, Dem. Rep.",COD,Sex ratio at birth (male births per female births),SP.POP.BRTH.MF,,,1.03,,,,,1.03,,,,,1.03,,,,,1.03,,,,,1.03,,,,,1.03,,,1.03,,1.03,,,,,1.03,,,,,1.03,,,,,1.03,1.03,1.03,1.03,1.03,1.03,1.03,1.03,1.03,1.03,1.03,1.03,,
"Congo, Rep.",COG,Sex ratio at birth (male births per female births),SP.POP.BRTH.MF,,,1.03,,,,,1.03,,,,,1.03,,,,,1.03,,,,,1.03,,,,,1.03,,,1.03,,1.03,,,,,1.03,,,,,1.03,,,,,1.03,1.03,1.03,1.03,1.03,1.03,1.03,1.03,1.03,1.03,1.03,1.03,,
Colombia,COL,Sex ratio at birth (male births per female births),SP.POP.BRTH.MF,,,1.05,,,,,1.05,,,,,1.05,,,,,1.05,,,,,1.05,,,,,1.05,,,1.05,,1.05,,,,,1.05,,,,,1.05,,,,,1.05,1.05,1.05,1.05,1.05,1.05,1.05,1.05,1.05,1.05,1.05,1.05,,
Comoros,COM,Sex ratio at birth (male births per female births),SP.POP.BRTH.MF,,,1.05,,,,,1.05,,,,,1.05,,,,,1.05,,,,,1.05,,,,,1.05,,,1.05,,1.05,,,,,1.05,,,,,1.05,,,,,1.05,1.05,1.05,1.05,1.05,1.05,1.05,1.05,1.05,1.05,1.05,1.05,,
Cabo Verde,CPV,Sex ratio at birth (male births per female births),SP.POP.BRTH.MF,,,1.03,,,,,1.03,,,,,1.03,,,,,1.03,,,,,1.03,,,,,1.03,,,1.03,,1.03,,,,,1.03,,,,,1.03,,,,,1.03,1.03,1.03,1.03,1.03,1.03,1.03,1.03,1.03,1.03,1.03,1.03,,
Costa Rica,CRI,Sex ratio at birth (male births per female births),SP.POP.BRTH.MF,,,1.05,,,,,1.05,,,,,1.05,,,,,1.05,,,,,1.05,,,,,1.05,,,1.05,,1.05,,,,,1.05,,,,,1.05,,,,,1.05,1.05,1.05,1.05,1.05,1.05,1.05,1.05,1.05,1.05,1.05,1.05,,
Caribbean small states,CSS,Sex ratio at birth (male births per female births),SP.POP.BRTH.MF,,,1.048052617,,,,,1.048508617,,,,,1.048406412,,,,,1.047817213,,,,,1.047646706,,,,,1.047866794,,,1.048164419,,1.048371807,,,,,1.048629501,,,,,1.048549503,,,,,1.048463777,1.048454324,1.048448301,1.048445968,1.048448113,1.048454832,1.048466107,1.048481858,1.048501056,1.048523419,1.048547334,1.04819975,,
Cuba,CUB,Sex ratio at birth (male births per female births),SP.POP.BRTH.MF,,,1.057,,,,,1.057,,,,,1.057,,,,,1.057,,,,,1.057,,,,,1.057,,,1.057,,1.057,,,,,1.057,,,,,1.057,,,,,1.057,1.057,1.057,1.057,1.057,1.057,1.057,1.057,1.057,1.057,1.057,1.057,,
Curacao,CUW,Sex ratio at birth (male births per female births),SP.POP.BRTH.MF,,,1.05,,,,,1.05,,,,,1.05,,,,,1.05,,,,,1.05,,,,,1.05,,,1.05,,1.05,,,,,1.05,,,,,1.05,,,,,1.05,1.05,1.05,1.05,1.05,1.05,1.05,1.05,1.05,1.05,1.05,1.05,,
Cayman Islands,CYM,Sex ratio at birth (male births per female births),SP.POP.BRTH.MF,,,,,,,,,,,,,,,,,,,,,,,,,,,,,,,,,,,,,,,,,,,,,,,,,,,,,,,,,,,,,
Cyprus,CYP,Sex ratio at birth (male births per female births),SP.POP.BRTH.MF,,,1.07,,,,,1.07,,,,,1.07,,,,,1.07,,,,,1.07,,,,,1.07,,,1.07,,1.07,,,,,1.07,,,,,1.07,,,,,1.07,1.07,1.07,1.07,1.07,1.07,1.07,1.07,1.07,1.07,1.07,1.07,,
Czech Republic,CZE,Sex ratio at birth (male births per female births),SP.POP.BRTH.MF,,,1.058,,,,,1.058,,,,,1.058,,,,,1.058,,,,,1.058,,,,,1.058,,,1.058,,1.058,,,,,1.058,,,,,1.058,,,,,1.058,1.058,1.058,1.058,1.058,1.058,1.058,1.058,1.058,1.058,1.058,1.058,,
Germany,DEU,Sex ratio at birth (male births per female births),SP.POP.BRTH.MF,,,1.059,,,,,1.057,,,,,1.057,,,,,1.057,,,,,1.056,,,,,1.056,,,1.056,,1.056,,,,,1.056,,,,,1.055,,,,,1.054,1.054,1.054,1.053,1.053,1.053,1.053,1.053,1.052,1.052,1.052,1.053,,
Djibouti,DJI,Sex ratio at birth (male births per female births),SP.POP.BRTH.MF,,,1.039,,,,,1.039,,,,,1.039,,,,,1.039,,,,,1.039,,,,,1.039,,,1.039,,1.039,,,,,1.039,,,,,1.039,,,,,1.039,1.039,1.039,1.039,1.039,1.039,1.039,1.039,1.039,1.039,1.039,1.039,,
Dominica,DMA,Sex ratio at birth (male births per female births),SP.POP.BRTH.MF,,,,,,,,,,,,,,,,,,,,,,,,,,,,,,,,,,,,,,,,,,,,,,,,,,,,,,,,,,,,,
Denmark,DNK,Sex ratio at birth (male births per female births),SP.POP.BRTH.MF,,,1.055,,,,,1.062,,,,,1.056,,,,,1.058,,,,,1.05,,,,,1.06,,,1.057,,1.055,,,,,1.056,,,,,1.052,,,,,1.055,1.055,1.055,1.056,1.056,1.056,1.056,1.056,1.056,1.056,1.056,1.056,,
Dominican Republic,DOM,Sex ratio at birth (male births per female births),SP.POP.BRTH.MF,,,1.05,,,,,1.05,,,,,1.05,,,,,1.05,,,,,1.05,,,,,1.05,,,1.05,,1.05,,,,,1.05,,,,,1.05,,,,,1.05,1.05,1.05,1.05,1.05,1.05,1.05,1.05,1.05,1.05,1.05,1.05,,
Algeria,DZA,Sex ratio at birth (male births per female births),SP.POP.BRTH.MF,,,1.05,,,,,1.05,,,,,1.05,,,,,1.05,,,,,1.05,,,,,1.05,,,1.05,,1.05,,,,,1.05,,,,,1.05,,,,,1.05,1.05,1.05,1.05,1.05,1.05,1.05,1.05,1.05,1.05,1.05,1.05,,
East Asia & Pacific (excluding high income),EAP,Sex ratio at birth (male births per female births),SP.POP.BRTH.MF,,,1.064796391,,,,,1.06464014,,,,,1.064461279,,,,,1.062734656,,,,,1.063705514,,,,,1.070636017,,,1.086202007,,1.095097074,,,,,1.107808166,,,,,1.115174823,,,,,1.12190274,1.119968182,1.11788507,1.115384839,1.113394211,1.111690306,1.10957155,1.107913986,1.105363829,1.104476581,1.101634159,1.097109048,,
Early-demographic dividend,EAR,Sex ratio at birth (male births per female births),SP.POP.BRTH.MF,,,1.051449639,,,,,1.051864492,,,,,1.052641721,,,,,1.05688513,,,,,1.063872802,,,,,1.067090548,,,1.070678968,,1.073463925,,,,,1.077146475,,,,,1.078788154,,,,,1.072999491,1.072786037,1.07217516,1.072011904,1.071413516,1.071197252,1.071016247,1.070877088,1.070763122,1.070718607,1.0707055,1.071093203,,
East Asia & Pacific,EAS,Sex ratio at birth (male births per female births),SP.POP.BRTH.MF,,,1.064330355,,,,,1.064129924,,,,,1.063895295,,,,,1.062373986,,,,,1.063716344,,,,,1.070829113,,,1.085711504,,1.094267625,,,,,1.105195967,,,,,1.111612014,,,,,1.117580726,1.115775727,1.113880791,1.111483718,1.109614308,1.107969545,1.106102896,1.104586579,1.102153104,1.101490331,1.098874848,1.094531991,,
Europe & Central Asia (excluding high income),ECA,Sex ratio at birth (male births per female births),SP.POP.BRTH.MF,,,1.05517244,,,,,1.053577502,,,,,1.052497767,,,,,1.052466537,,,,,1.052312351,,,,,1.054055493,,,1.056863539,,1.058902353,,,,,1.061257822,,,,,1.062903614,,,,,1.062966004,1.062708477,1.062362111,1.062757572,1.062600158,1.062303678,1.061928023,1.061613705,1.061362728,1.06103536,1.060601261,1.060055855,,
Europe & Central Asia,ECS,Sex ratio at birth (male births per female births),SP.POP.BRTH.MF,,,1.056266142,,,,,1.055641706,,,,,1.055299639,,,,,1.05518391,,,,,1.05463829,,,,,1.055188854,,,1.056617365,,1.057530307,,,,,1.05875783,,,,,1.059348336,,,,,1.05913405,1.059045099,1.058877237,1.058984238,1.058916172,1.058786139,1.058643014,1.058549391,1.05838918,1.058235725,1.057975059,1.057736164,,
Ecuador,ECU,Sex ratio at birth (male births per female births),SP.POP.BRTH.MF,,,1.05,,,,,1.05,,,,,1.05,,,,,1.05,,,,,1.05,,,,,1.05,,,1.05,,1.05,,,,,1.05,,,,,1.05,,,,,1.05,1.05,1.05,1.05,1.05,1.05,1.05,1.05,1.05,1.05,1.05,1.05,,
"Egypt, Arab Rep.",EGY,Sex ratio at birth (male births per female births),SP.POP.BRTH.MF,,,1.06,,,,,1.06,,,,,1.06,,,,,1.06,,,,,1.06,,,,,1.06,,,1.06,,1.06,,,,,1.06,,,,,1.066,,,,,1.066,1.066,1.066,1.066,1.066,1.066,1.065,1.064,1.062,1.061,1.06,1.06,,
Euro area,EMU,Sex ratio at birth (male births per female births),SP.POP.BRTH.MF,,,1.058442696,,,,,1.058172145,,,,,1.059183372,,,,,1.059272467,,,,,1.058475815,,,,,1.057508373,,,1.057420599,,1.057262443,,,,,1.057465064,,,,,1.056691846,,,,,1.055834927,1.055859641,1.055764074,1.055423177,1.05534683,1.055213089,1.055146193,1.055330333,1.05515037,1.055284707,1.05530824,1.05534477,,
Eritrea,ERI,Sex ratio at birth (male births per female births),SP.POP.BRTH.MF,,,1.052,,,,,1.052,,,,,1.052,,,,,1.052,,,,,1.052,,,,,1.052,,,1.052,,1.052,,,,,1.052,,,,,1.052,,,,,1.052,1.052,1.052,1.052,1.052,1.052,1.052,1.052,1.052,1.052,1.052,1.052,,
Spain,ESP,Sex ratio at birth (male births per female births),SP.POP.BRTH.MF,,,1.064,,,,,1.064,,,,,1.064,,,,,1.064,,,,,1.064,,,,,1.064,,,1.064,,1.064,,,,,1.064,,,,,1.064,,,,,1.064,1.064,1.064,1.064,1.064,1.064,1.064,1.064,1.064,1.064,1.064,1.064,,
Estonia,EST,Sex ratio at birth (male births per female births),SP.POP.BRTH.MF,,,1.068,,,,,1.052,,,,,1.058,,,,,1.058,,,,,1.052,,,,,1.058,,,1.059,,1.059,,,,,1.066,,,,,1.057,,,,,1.064,1.062,1.06,1.058,1.056,1.054,1.057,1.06,1.062,1.065,1.068,1.067,,
Ethiopia,ETH,Sex ratio at birth (male births per female births),SP.POP.BRTH.MF,,,1.04,,,,,1.04,,,,,1.04,,,,,1.04,,,,,1.04,,,,,1.04,,,1.04,,1.04,,,,,1.04,,,,,1.04,,,,,1.04,1.04,1.04,1.04,1.04,1.04,1.04,1.04,1.04,1.04,1.04,1.04,,
European Union,EUU,Sex ratio at birth (male births per female births),SP.POP.BRTH.MF,,,1.058190027,,,,,1.0582213,,,,,1.05884646,,,,,1.058798417,,,,,1.058144791,,,,,1.057551201,,,1.057211324,,1.056887119,,,,,1.057376372,,,,,1.056956796,,,,,1.056099817,1.056156375,1.056088259,1.055864441,1.055786877,1.055727005,1.055671291,1.0558435,1.055740364,1.055875162,1.055903073,1.055929906,,
Fragile and conflict affected situations,FCS,Sex ratio at birth (male births per female births),SP.POP.BRTH.MF,,,1.045707205,,,,,1.045763561,,,,,1.045840767,,,,,1.045864118,,,,,1.045768166,,,,,1.045772711,,,1.045835147,,1.045865287,,,,,1.045762653,,,,,1.045623604,,,,,1.045662961,1.045654342,1.045689163,1.04569253,1.045732848,1.04573364,1.045730375,1.045761633,1.045744764,1.045762529,1.045735603,1.045666255,,
Finland,FIN,Sex ratio at birth (male births per female births),SP.POP.BRTH.MF,,,1.048,,,,,1.047,,,,,1.052,,,,,1.05,,,,,1.048,,,,,1.047,,,1.043,,1.04,,,,,1.045,,,,,1.05,,,,,1.044,1.045,1.045,1.046,1.046,1.047,1.047,1.047,1.047,1.047,1.047,1.047,,
Fiji,FJI,Sex ratio at birth (male births per female births),SP.POP.BRTH.MF,,,1.06,,,,,1.06,,,,,1.06,,,,,1.06,,,,,1.06,,,,,1.06,,,1.06,,1.06,,,,,1.06,,,,,1.06,,,,,1.06,1.06,1.06,1.06,1.06,1.06,1.06,1.06,1.06,1.06,1.06,1.06,,
France,FRA,Sex ratio at birth (male births per female births),SP.POP.BRTH.MF,,,1.048,,,,,1.05,,,,,1.054,,,,,1.054,,,,,1.053,,,,,1.051,,,1.052,,1.052,,,,,1.053,,,,,1.049,,,,,1.047,1.047,1.047,1.047,1.047,1.047,1.047,1.048,1.048,1.049,1.049,1.049,,
Faroe Islands,FRO,Sex ratio at birth (male births per female births),SP.POP.BRTH.MF,,,,,,,,,,,,,,,,,,,,,,,,,,,,,,,,,,,,,,,,,,,,,,,,,,,,,,,,,,,,,
"Micronesia, Fed. Sts.",FSM,Sex ratio at birth (male births per female births),SP.POP.BRTH.MF,,,1.07,,,,,1.07,,,,,1.07,,,,,1.07,,,,,1.07,,,,,1.07,,,1.07,,1.07,,,,,1.07,,,,,1.07,,,,,1.07,1.07,1.07,1.07,1.07,1.07,1.068,1.066,1.064,1.062,1.06,1.058,,
Gabon,GAB,Sex ratio at birth (male births per female births),SP.POP.BRTH.MF,,,1.03,,,,,1.03,,,,,1.03,,,,,1.03,,,,,1.03,,,,,1.03,,,1.03,,1.03,,,,,1.03,,,,,1.03,,,,,1.03,1.03,1.03,1.03,1.03,1.03,1.03,1.03,1.03,1.03,1.03,1.03,,
United Kingdom,GBR,Sex ratio at birth (male births per female births),SP.POP.BRTH.MF,,,1.051,,,,,1.051,,,,,1.051,,,,,1.051,,,,,1.051,,,,,1.051,,,1.051,,1.051,,,,,1.051,,,,,1.051,,,,,1.051,1.051,1.051,1.051,1.051,1.051,1.051,1.051,1.051,1.051,1.051,1.051,,
Georgia,GEO,Sex ratio at birth (male births per female births),SP.POP.BRTH.MF,,,1.06,,,,,1.06,,,,,1.06,,,,,1.06,,,,,1.06,,,,,1.076,,,1.076,,1.076,,,,,1.111,,,,,1.11,,,,,1.11,1.105,1.1,1.095,1.09,1.085,1.081,1.077,1.073,1.069,1.065,1.064,,
Ghana,GHA,Sex ratio at birth (male births per female births),SP.POP.BRTH.MF,,,1.053,,,,,1.053,,,,,1.053,,,,,1.053,,,,,1.053,,,,,1.053,,,1.053,,1.053,,,,,1.053,,,,,1.053,,,,,1.053,1.053,1.053,1.053,1.053,1.053,1.053,1.053,1.053,1.053,1.053,1.053,,
Gibraltar,GIB,Sex ratio at birth (male births per female births),SP.POP.BRTH.MF,,,,,,,,,,,,,,,,,,,,,,,,,,,,,,,,,,,,,,,,,,,,,,,,,,,,,,,,,,,,,
Guinea,GIN,Sex ratio at birth (male births per female births),SP.POP.BRTH.MF,,,1.024,,,,,1.024,,,,,1.024,,,,,1.024,,,,,1.024,,,,,1.024,,,1.024,,1.024,,,,,1.024,,,,,1.024,,,,,1.024,1.024,1.024,1.024,1.024,1.024,1.024,1.024,1.024,1.024,1.024,1.024,,
"Gambia, The",GMB,Sex ratio at birth (male births per female births),SP.POP.BRTH.MF,,,1.03,,,,,1.03,,,,,1.03,,,,,1.03,,,,,1.03,,,,,1.03,,,1.03,,1.03,,,,,1.03,,,,,1.03,,,,,1.03,1.03,1.03,1.03,1.03,1.03,1.03,1.03,1.03,1.03,1.03,1.03,,
Guinea-Bissau,GNB,Sex ratio at birth (male births per female births),SP.POP.BRTH.MF,,,1.03,,,,,1.03,,,,,1.03,,,,,1.03,,,,,1.03,,,,,1.03,,,1.03,,1.03,,,,,1.03,,,,,1.03,,,,,1.03,1.03,1.03,1.03,1.03,1.03,1.03,1.03,1.03,1.03,1.03,1.03,,
Equatorial Guinea,GNQ,Sex ratio at birth (male births per female births),SP.POP.BRTH.MF,,,1.03,,,,,1.03,,,,,1.03,,,,,1.03,,,,,1.03,,,,,1.03,,,1.03,,1.03,,,,,1.03,,,,,1.03,,,,,1.03,1.03,1.03,1.03,1.03,1.03,1.03,1.03,1.03,1.03,1.03,1.03,,
Greece,GRC,Sex ratio at birth (male births per female births),SP.POP.BRTH.MF,,,1.068,,,,,1.069,,,,,1.069,,,,,1.071,,,,,1.076,,,,,1.067,,,1.067,,1.067,,,,,1.062,,,,,1.066,,,,,1.068,1.067,1.066,1.064,1.063,1.062,1.063,1.063,1.064,1.064,1.065,1.065,,
Grenada,GRD,Sex ratio at birth (male births per female births),SP.POP.BRTH.MF,,,1.05,,,,,1.05,,,,,1.05,,,,,1.05,,,,,1.05,,,,,1.05,,,1.05,,1.05,,,,,1.05,,,,,1.05,,,,,1.05,1.05,1.05,1.05,1.05,1.05,1.05,1.05,1.05,1.05,1.05,1.05,,
Greenland,GRL,Sex ratio at birth (male births per female births),SP.POP.BRTH.MF,,,,,,,,,,,,,,,,,,,,,,,,,,,,,,,,,,,,,,,,,,,,,,,,,,,,,,,,,,,,,
Guatemala,GTM,Sex ratio at birth (male births per female births),SP.POP.BRTH.MF,,,1.05,,,,,1.05,,,,,1.05,,,,,1.05,,,,,1.05,,,,,1.05,,,1.05,,1.05,,,,,1.05,,,,,1.05,,,,,1.05,1.05,1.05,1.05,1.05,1.05,1.05,1.05,1.05,1.05,1.05,1.05,,
Guam,GUM,Sex ratio at birth (male births per female births),SP.POP.BRTH.MF,,,1.058,,,,,1.058,,,,,1.058,,,,,1.058,,,,,1.058,,,,,1.058,,,1.058,,1.058,,,,,1.058,,,,,1.058,,,,,1.058,1.058,1.058,1.058,1.058,1.058,1.058,1.058,1.058,1.058,1.058,1.058,,
Guyana,GUY,Sex ratio at birth (male births per female births),SP.POP.BRTH.MF,,,1.05,,,,,1.05,,,,,1.05,,,,,1.05,,,,,1.05,,,,,1.05,,,1.05,,1.05,,,,,1.05,,,,,1.05,,,,,1.05,1.05,1.05,1.05,1.05,1.05,1.05,1.05,1.05,1.05,1.05,1.05,,
High income,HIC,Sex ratio at birth (male births per female births),SP.POP.BRTH.MF,,,1.055132322,,,,,1.055606242,,,,,1.055863813,,,,,1.055482215,,,,,1.055582968,,,,,1.056242694,,,1.056714754,,1.057855695,,,,,1.055487259,,,,,1.053936471,,,,,1.052795132,1.052718774,1.052564779,1.05243578,1.052366054,1.052252154,1.051934794,1.051916441,1.051513456,1.051453056,1.051393996,1.051355682,,
"Hong Kong SAR, China",HKG,Sex ratio at birth (male births per female births),SP.POP.BRTH.MF,,,1.074,,,,,1.071,,,,,1.068,,,,,1.07,,,,,1.065,,,,,1.069,,,1.073,,1.075,,,,,1.083,,,,,1.085,,,,,1.129,1.127,1.124,1.122,1.119,1.117,1.109,1.101,1.094,1.086,1.078,1.076,,
Honduras,HND,Sex ratio at birth (male births per female births),SP.POP.BRTH.MF,,,1.05,,,,,1.05,,,,,1.05,,,,,1.05,,,,,1.05,,,,,1.05,,,1.05,,1.05,,,,,1.05,,,,,1.05,,,,,1.05,1.05,1.05,1.05,1.05,1.05,1.05,1.05,1.05,1.05,1.05,1.05,,
Heavily indebted poor countries (HIPC),HPC,Sex ratio at birth (male births per female births),SP.POP.BRTH.MF,,,1.036428485,,,,,1.036382147,,,,,1.036242902,,,,,1.036075931,,,,,1.035772825,,,,,1.035403614,,,1.035274583,,1.035388456,,,,,1.035368311,,,,,1.035394055,,,,,1.035660243,1.035698258,1.03579217,1.035836454,1.035938313,1.035988853,1.035985357,1.036019043,1.036023752,1.036050773,1.036036023,1.035980585,,
Croatia,HRV,Sex ratio at birth (male births per female births),SP.POP.BRTH.MF,,,1.059,,,,,1.059,,,,,1.059,,,,,1.059,,,,,1.059,,,,,1.059,,,1.059,,1.059,,,,,1.057,,,,,1.059,,,,,1.059,1.061,1.063,1.066,1.068,1.07,1.068,1.066,1.065,1.063,1.061,1.061,,
Haiti,HTI,Sex ratio at birth (male births per female births),SP.POP.BRTH.MF,,,1.05,,,,,1.05,,,,,1.05,,,,,1.05,,,,,1.05,,,,,1.05,,,1.05,,1.05,,,,,1.05,,,,,1.05,,,,,1.05,1.05,1.05,1.05,1.05,1.05,1.05,1.05,1.05,1.05,1.05,1.05,,
Hungary,HUN,Sex ratio at birth (male births per female births),SP.POP.BRTH.MF,,,1.06,,,,,1.06,,,,,1.06,,,,,1.06,,,,,1.06,,,,,1.06,,,1.056,,1.053,,,,,1.06,,,,,1.06,,,,,1.054,1.054,1.054,1.053,1.053,1.053,1.054,1.055,1.057,1.058,1.059,1.059,,
IBRD only,IBD,Sex ratio at birth (male births per female births),SP.POP.BRTH.MF,,,1.058566611,,,,,1.05865106,,,,,1.058959975,,,,,1.060661145,,,,,1.066097698,,,,,1.071702496,,,1.081088184,,1.086857512,,,,,1.094356626,,,,,1.097236873,,,,,1.094989084,1.094120441,1.092894298,1.09182374,1.090687266,1.089964747,1.089006672,1.088321708,1.08710898,1.086979592,1.085750189,1.083963255,,
IDA & IBRD total,IBT,Sex ratio at birth (male births per female births),SP.POP.BRTH.MF,,,1.055763616,,,,,1.055668797,,,,,1.055693092,,,,,1.05649929,,,,,1.060512273,,,,,1.064364972,,,1.07077161,,1.074334128,,,,,1.079052599,,,,,1.080136034,,,,,1.077445372,1.076769287,1.075853347,1.075035123,1.074199452,1.073666365,1.072947938,1.072479013,1.071584937,1.071550461,1.070578988,1.069114145,,
IDA total,IDA,Sex ratio at birth (male births per female births),SP.POP.BRTH.MF,,,1.044641032,,,,,1.044619954,,,,,1.044492158,,,,,1.044431228,,,,,1.044508184,,,,,1.044301306,,,1.044628824,,1.044901928,,,,,1.046847405,,,,,1.048322842,,,,,1.04707137,1.047055044,1.047056457,1.047155774,1.047162354,1.047155754,1.047204831,1.047268106,1.047316475,1.047346994,1.047343908,1.047313764,,
IDA blend,IDB,Sex ratio at birth (male births per female births),SP.POP.BRTH.MF,,,1.055808865,,,,,1.055649816,,,,,1.055451055,,,,,1.055337829,,,,,1.055360107,,,,,1.055437286,,,1.056230907,,1.056746044,,,,,1.062111462,,,,,1.067252509,,,,,1.063258802,1.063177109,1.063107462,1.06340292,1.063383737,1.063390864,1.063451839,1.063529009,1.063611286,1.063687398,1.063744405,1.063766831,,
Indonesia,IDN,Sex ratio at birth (male births per female births),SP.POP.BRTH.MF,,,1.05,,,,,1.05,,,,,1.05,,,,,1.05,,,,,1.05,,,,,1.05,,,1.05,,1.05,,,,,1.05,,,,,1.05,,,,,1.05,1.05,1.05,1.05,1.05,1.05,1.05,1.05,1.05,1.05,1.05,1.05,,
IDA only,IDX,Sex ratio at birth (male births per female births),SP.POP.BRTH.MF,,,1.039689012,,,,,1.03975098,,,,,1.039582292,,,,,1.039360978,,,,,1.03930373,,,,,1.038753251,,,1.038799105,,1.038946454,,,,,1.03925506,,,,,1.038903787,,,,,1.038875583,1.038837615,1.038838346,1.038803623,1.038799081,1.038759009,1.038749207,1.038771882,1.038786302,1.038798438,1.03877747,1.038714447,,
Isle of Man,IMN,Sex ratio at birth (male births per female births),SP.POP.BRTH.MF,,,,,,,,,,,,,,,,,,,,,,,,,,,,,,,,,,,,,,,,,,,,,,,,,,,,,,,,,,,,,
India,IND,Sex ratio at birth (male births per female births),SP.POP.BRTH.MF,,,1.054,,,,,1.055,,,,,1.057,,,,,1.067,,,,,1.084,,,,,1.092,,,1.1,,1.106,,,,,1.111,,,,,1.112,,,,,1.101,1.101,1.1,1.1,1.099,1.099,1.099,1.099,1.099,1.099,1.099,1.1,,
Not classified,INX,Sex ratio at birth (male births per female births),SP.POP.BRTH.MF,,,,,,,,,,,,,,,,,,,,,,,,,,,,,,,,,,,,,,,,,,,,,,,,,,,,,,,,,,,,,
Ireland,IRL,Sex ratio at birth (male births per female births),SP.POP.BRTH.MF,,,1.07,,,,,1.07,,,,,1.07,,,,,1.07,,,,,1.07,,,,,1.07,,,1.07,,1.07,,,,,1.07,,,,,1.07,,,,,1.06,1.06,1.06,1.06,1.06,1.06,1.06,1.06,1.06,1.06,1.06,1.058,,
"Iran, Islamic Rep.",IRN,Sex ratio at birth (male births per female births),SP.POP.BRTH.MF,,,1.05,,,,,1.05,,,,,1.05,,,,,1.05,,,,,1.04,,,,,1.04,,,1.04,,1.04,,,,,1.04,,,,,1.043,,,,,1.05,1.05,1.051,1.051,1.052,1.052,1.052,1.052,1.052,1.052,1.052,1.052,,
Iraq,IRQ,Sex ratio at birth (male births per female births),SP.POP.BRTH.MF,,,1.065,,,,,1.065,,,,,1.065,,,,,1.065,,,,,1.065,,,,,1.065,,,1.065,,1.065,,,,,1.065,,,,,1.065,,,,,1.065,1.065,1.065,1.065,1.065,1.065,1.065,1.065,1.065,1.065,1.065,1.065,,
Iceland,ISL,Sex ratio at birth (male births per female births),SP.POP.BRTH.MF,,,1.045,,,,,1.053,,,,,1.066,,,,,1.053,,,,,1.054,,,,,1.057,,,1.058,,1.058,,,,,1.042,,,,,1.043,,,,,1.05,1.051,1.051,1.052,1.052,1.053,1.053,1.053,1.053,1.053,1.053,1.053,,
Israel,ISR,Sex ratio at birth (male births per female births),SP.POP.BRTH.MF,,,1.063,,,,,1.061,,,,,1.055,,,,,1.053,,,,,1.056,,,,,1.051,,,1.054,,1.056,,,,,1.058,,,,,1.054,,,,,1.053,1.053,1.054,1.054,1.055,1.055,1.055,1.054,1.054,1.053,1.053,1.053,,
Italy,ITA,Sex ratio at birth (male births per female births),SP.POP.BRTH.MF,,,1.063,,,,,1.063,,,,,1.063,,,,,1.063,,,,,1.063,,,,,1.063,,,1.063,,1.063,,,,,1.063,,,,,1.063,,,,,1.063,1.063,1.063,1.063,1.063,1.063,1.063,1.063,1.063,1.063,1.063,1.063,,
Jamaica,JAM,Sex ratio at birth (male births per female births),SP.POP.BRTH.MF,,,1.05,,,,,1.05,,,,,1.05,,,,,1.05,,,,,1.05,,,,,1.05,,,1.05,,1.05,,,,,1.05,,,,,1.05,,,,,1.05,1.05,1.05,1.05,1.05,1.05,1.05,1.05,1.05,1.05,1.05,1.05,,
Jordan,JOR,Sex ratio at birth (male births per female births),SP.POP.BRTH.MF,,,1.054,,,,,1.054,,,,,1.054,,,,,1.054,,,,,1.054,,,,,1.054,,,1.054,,1.054,,,,,1.054,,,,,1.054,,,,,1.054,1.054,1.054,1.054,1.054,1.054,1.054,1.054,1.054,1.054,1.054,1.054,,
Japan,JPN,Sex ratio at birth (male births per female births),SP.POP.BRTH.MF,,,1.056,,,,,1.056,,,,,1.056,,,,,1.056,,,,,1.056,,,,,1.056,,,1.056,,1.056,,,,,1.056,,,,,1.056,,,,,1.056,1.056,1.056,1.056,1.056,1.056,1.056,1.056,1.056,1.056,1.056,1.056,,
Kazakhstan,KAZ,Sex ratio at birth (male births per female births),SP.POP.BRTH.MF,,,1.065,,,,,1.065,,,,,1.065,,,,,1.065,,,,,1.065,,,,,1.06,,,1.06,,1.06,,,,,1.063,,,,,1.057,,,,,1.06,1.06,1.06,1.061,1.061,1.061,1.062,1.063,1.065,1.066,1.067,1.066,,
Kenya,KEN,Sex ratio at birth (male births per female births),SP.POP.BRTH.MF,,,1.03,,,,,1.03,,,,,1.03,,,,,1.03,,,,,1.03,,,,,1.03,,,1.03,,1.03,,,,,1.03,,,,,1.03,,,,,1.03,1.03,1.03,1.03,1.03,1.03,1.03,1.03,1.03,1.03,1.03,1.03,,
Kyrgyz Republic,KGZ,Sex ratio at birth (male births per female births),SP.POP.BRTH.MF,,,1.056,,,,,1.056,,,,,1.056,,,,,1.056,,,,,1.056,,,,,1.051,,,1.053,,1.054,,,,,1.065,,,,,1.05,,,,,1.06,1.06,1.059,1.059,1.058,1.058,1.058,1.058,1.058,1.058,1.058,1.058,,
Cambodia,KHM,Sex ratio at birth (male births per female births),SP.POP.BRTH.MF,,,1.041,,,,,1.043,,,,,1.041,,,,,1.04,,,,,1.049,,,,,1.035,,,1.036,,1.036,,,,,1.037,,,,,1.034,,,,,1.064,1.061,1.058,1.055,1.052,1.049,1.049,1.049,1.049,1.049,1.049,1.05,,
Kiribati,KIR,Sex ratio at birth (male births per female births),SP.POP.BRTH.MF,,,1.05,,,,,1.05,,,,,1.05,,,,,1.05,,,,,1.07,,,,,1.07,,,1.07,,1.07,,,,,1.07,,,,,1.07,,,,,1.07,1.07,1.07,1.07,1.07,1.07,1.068,1.066,1.064,1.062,1.06,1.058,,
St. Kitts and Nevis,KNA,Sex ratio at birth (male births per female births),SP.POP.BRTH.MF,,,,,,,,,,,,,,,,,,,,,,,,,,,,,,,,,,,,,,,,,,,,,,,,,,,,,,,,,,,,,
"Korea, Rep.",KOR,Sex ratio at birth (male births per female births),SP.POP.BRTH.MF,,,1.063,,,,,1.063,,,,,1.062,,,,,1.062,,,,,1.078,,,,,1.118,,,1.132,,1.142,,,,,1.104,,,,,1.09,,,,,1.067,1.065,1.063,1.061,1.059,1.057,1.057,1.056,1.056,1.055,1.055,1.055,,
Kuwait,KWT,Sex ratio at birth (male births per female births),SP.POP.BRTH.MF,,,1.038,,,,,1.04,,,,,1.04,,,,,1.04,,,,,1.04,,,,,1.04,,,1.04,,1.04,,,,,1.042,,,,,1.045,,,,,1.045,1.045,1.045,1.045,1.045,1.045,1.045,1.045,1.045,1.045,1.045,1.045,,
Latin America & Caribbean (excluding high income),LAC,Sex ratio at birth (male births per female births),SP.POP.BRTH.MF,,,1.049663313,,,,,1.04967069,,,,,1.049601569,,,,,1.049492081,,,,,1.049494203,,,,,1.049496577,,,1.049476613,,1.049465802,,,,,1.049462253,,,,,1.049436773,,,,,1.049394085,1.049386992,1.049380552,1.049376584,1.049370659,1.049365341,1.049360368,1.049355541,1.049350715,1.049345778,1.04934089,1.049331764,,
Lao PDR,LAO,Sex ratio at birth (male births per female births),SP.POP.BRTH.MF,,,1.05,,,,,1.05,,,,,1.05,,,,,1.05,,,,,1.05,,,,,1.05,,,1.05,,1.05,,,,,1.05,,,,,1.05,,,,,1.05,1.05,1.05,1.05,1.05,1.05,1.05,1.05,1.05,1.05,1.05,1.05,,
Lebanon,LBN,Sex ratio at birth (male births per female births),SP.POP.BRTH.MF,,,1.05,,,,,1.05,,,,,1.05,,,,,1.05,,,,,1.05,,,,,1.05,,,1.05,,1.05,,,,,1.05,,,,,1.05,,,,,1.05,1.05,1.05,1.05,1.05,1.05,1.05,1.05,1.05,1.05,1.05,1.05,,
Liberia,LBR,Sex ratio at birth (male births per female births),SP.POP.BRTH.MF,,,1.054,,,,,1.054,,,,,1.054,,,,,1.054,,,,,1.054,,,,,1.054,,,1.054,,1.054,,,,,1.054,,,,,1.054,,,,,1.054,1.054,1.054,1.054,1.054,1.054,1.054,1.054,1.054,1.054,1.054,1.054,,
Libya,LBY,Sex ratio at birth (male births per female births),SP.POP.BRTH.MF,,,1.054,,,,,1.054,,,,,1.054,,,,,1.054,,,,,1.054,,,,,1.054,,,1.056,,1.058,,,,,1.061,,,,,1.062,,,,,1.059,1.059,1.059,1.06,1.06,1.06,1.06,1.06,1.06,1.06,1.06,1.06,,
St. Lucia,LCA,Sex ratio at birth (male births per female births),SP.POP.BRTH.MF,,,1.03,,,,,1.03,,,,,1.03,,,,,1.03,,,,,1.03,,,,,1.03,,,1.03,,1.03,,,,,1.03,,,,,1.03,,,,,1.03,1.03,1.03,1.03,1.03,1.03,1.03,1.03,1.03,1.03,1.03,1.03,,
Latin America & Caribbean,LCN,Sex ratio at birth (male births per female births),SP.POP.BRTH.MF,,,1.049345969,,,,,1.049383136,,,,,1.049343425,,,,,1.049260222,,,,,1.049268292,,,,,1.049263625,,,1.049240553,,1.049231898,,,,,1.049247207,,,,,1.049234174,,,,,1.049182661,1.049173002,1.049164376,1.049158416,1.049151873,1.049146648,1.04914269,1.049139556,1.049136238,1.049132592,1.049128098,1.049119425,,
Least developed countries: UN classification,LDC,Sex ratio at birth (male births per female births),SP.POP.BRTH.MF,,,1.038405707,,,,,1.038517118,,,,,1.03835371,,,,,1.03810163,,,,,1.038024342,,,,,1.037420076,,,1.037430226,,1.037576005,,,,,1.03787655,,,,,1.037497062,,,,,1.037340216,1.037356314,1.037422892,1.037455674,1.03754039,1.037588331,1.037592379,1.037627652,1.037656392,1.037685765,1.037679394,1.037614003,,
Low income,LIC,Sex ratio at birth (male births per female births),SP.POP.BRTH.MF,,,1.037823004,,,,,1.037841499,,,,,1.037677754,,,,,1.037299317,,,,,1.036996864,,,,,1.036662471,,,1.03659401,,1.036749486,,,,,1.036729088,,,,,1.036787184,,,,,1.037141903,1.037188972,1.03729679,1.03733639,1.03743761,1.037472101,1.037451676,1.03747763,1.03747118,1.037493716,1.037466029,1.037389746,,
Liechtenstein,LIE,Sex ratio at birth (male births per female births),SP.POP.BRTH.MF,,,,,,,,,,,,,,,,,,,,,,,,,,,,,,,,,,,,,,,,,,,,,,,,,,,,,,,,,,,,,
Sri Lanka,LKA,Sex ratio at birth (male births per female births),SP.POP.BRTH.MF,,,1.036,,,,,1.035,,,,,1.038,,,,,1.04,,,,,1.045,,,,,1.046,,,1.042,,1.039,,,,,1.044,,,,,1.045,,,,,1.044,1.043,1.042,1.042,1.041,1.04,1.04,1.04,1.039,1.039,1.039,1.04,,
Lower middle income,LMC,Sex ratio at birth (male births per female births),SP.POP.BRTH.MF,,,1.052725777,,,,,1.053062114,,,,,1.05393941,,,,,1.058734971,,,,,1.067018086,,,,,1.070547046,,,1.074336592,,1.077178344,,,,,1.080712234,,,,,1.082126976,,,,,1.076093471,1.075879402,1.07521784,1.075089312,1.074449045,1.074253426,1.073996646,1.073755275,1.073545511,1.073383213,1.073265822,1.07342822,,
Low & middle income,LMY,Sex ratio at birth (male births per female births),SP.POP.BRTH.MF,,,1.055797178,,,,,1.055688779,,,,,1.055711898,,,,,1.056531681,,,,,1.060578734,,,,,1.064452219,,,1.070878364,,1.074447018,,,,,1.079155981,,,,,1.080224615,,,,,1.07754026,1.076868853,1.075948817,1.075124667,1.074278098,1.073741291,1.073015873,1.072546636,1.071647962,1.07161453,1.070641974,1.069169276,,
Lesotho,LSO,Sex ratio at birth (male births per female births),SP.POP.BRTH.MF,,,1.027,,,,,1.026,,,,,1.027,,,,,1.028,,,,,1.028,,,,,1.029,,,1.029,,1.029,,,,,1.029,,,,,1.03,,,,,1.029,1.029,1.028,1.028,1.027,1.027,1.027,1.027,1.027,1.027,1.027,1.027,,
Late-demographic dividend,LTE,Sex ratio at birth (male births per female births),SP.POP.BRTH.MF,,,1.063952232,,,,,1.063945162,,,,,1.063987556,,,,,1.062282956,,,,,1.063065815,,,,,1.069951182,,,1.085131663,,1.094203725,,,,,1.107922998,,,,,1.116956536,,,,,1.123549388,1.121238584,1.119039849,1.116595466,1.114618727,1.1126246,1.110450112,1.108556108,1.10589364,1.104922821,1.102301106,1.097748226,,
Lithuania,LTU,Sex ratio at birth (male births per female births),SP.POP.BRTH.MF,,,1.054,,,,,1.048,,,,,1.044,,,,,1.047,,,,,1.053,,,,,1.058,,,1.056,,1.054,,,,,1.063,,,,,1.057,,,,,1.047,1.048,1.049,1.05,1.051,1.052,1.054,1.055,1.057,1.058,1.06,1.058,,
Luxembourg,LUX,Sex ratio at birth (male births per female births),SP.POP.BRTH.MF,,,1.043,,,,,1.048,,,,,1.04,,,,,1.049,,,,,1.045,,,,,1.052,,,1.049,,1.047,,,,,1.053,,,,,1.049,,,,,1.054,1.052,1.051,1.049,1.048,1.046,1.046,1.046,1.046,1.046,1.046,1.046,,
Latvia,LVA,Sex ratio at birth (male births per female births),SP.POP.BRTH.MF,,,1.067,,,,,1.057,,,,,1.056,,,,,1.058,,,,,1.055,,,,,1.055,,,1.051,,1.049,,,,,1.066,,,,,1.052,,,,,1.041,1.045,1.048,1.052,1.055,1.059,1.061,1.062,1.064,1.065,1.067,1.065,,
"Macao SAR, China",MAC,Sex ratio at birth (male births per female births),SP.POP.BRTH.MF,,,1.05,,,,,1.05,,,,,1.05,,,,,1.05,,,,,1.05,,,,,1.05,,,1.05,,1.05,,,,,1.05,,,,,1.05,,,,,1.05,1.05,1.05,1.05,1.05,1.05,1.05,1.05,1.05,1.05,1.05,1.05,,
St. Martin (French part),MAF,Sex ratio at birth (male births per female births),SP.POP.BRTH.MF,,,,,,,,,,,,,,,,,,,,,,,,,,,,,,,,,,,,,,,,,,,,,,,,,,,,,,,,,,,,,
Morocco,MAR,Sex ratio at birth (male births per female births),SP.POP.BRTH.MF,,,1.05,,,,,1.05,,,,,1.05,,,,,1.05,,,,,1.05,,,,,1.054,,,1.056,,1.058,,,,,1.061,,,,,1.062,,,,,1.059,1.059,1.059,1.06,1.06,1.06,1.06,1.06,1.06,1.06,1.06,1.06,,
Monaco,MCO,Sex ratio at birth (male births per female births),SP.POP.BRTH.MF,,,,,,,,,,,,,,,,,,,,,,,,,,,,,,,,,,,,,,,,,,,,,,,,,,,,,,,,,,,,,
Moldova,MDA,Sex ratio at birth (male births per female births),SP.POP.BRTH.MF,,,1.061,,,,,1.061,,,,,1.061,,,,,1.061,,,,,1.061,,,,,1.061,,,1.059,,1.058,,,,,1.052,,,,,1.063,,,,,1.056,1.057,1.057,1.058,1.058,1.059,1.059,1.059,1.058,1.058,1.058,1.058,,
Madagascar,MDG,Sex ratio at birth (male births per female births),SP.POP.BRTH.MF,,,1.016,,,,,1.016,,,,,1.016,,,,,1.016,,,,,1.016,,,,,1.016,,,1.016,,1.016,,,,,1.016,,,,,1.02,,,,,1.025,1.026,1.027,1.028,1.029,1.03,1.03,1.03,1.03,1.03,1.03,1.03,,
Maldives,MDV,Sex ratio at birth (male births per female births),SP.POP.BRTH.MF,,,1.058,,,,,1.058,,,,,1.058,,,,,1.062,,,,,1.057,,,,,1.053,,,1.071,,1.083,,,,,1.062,,,,,1.057,,,,,1.064,1.067,1.07,1.074,1.077,1.08,1.078,1.077,1.075,1.074,1.072,1.071,,
Middle East & North Africa,MEA,Sex ratio at birth (male births per female births),SP.POP.BRTH.MF,,,1.052734663,,,,,1.052771528,,,,,1.052786672,,,,,1.052609207,,,,,1.050071178,,,,,1.050502492,,,1.051058389,,1.051670952,,,,,1.05264937,,,,,1.054781599,,,,,1.05539033,1.055364131,1.055526543,1.055634347,1.055827133,1.055852587,1.055635017,1.055370659,1.054824059,1.054518546,1.054229425,1.054218781,,
Mexico,MEX,Sex ratio at birth (male births per female births),SP.POP.BRTH.MF,,,1.05,,,,,1.05,,,,,1.05,,,,,1.05,,,,,1.05,,,,,1.05,,,1.05,,1.05,,,,,1.05,,,,,1.05,,,,,1.05,1.05,1.05,1.05,1.05,1.05,1.05,1.05,1.05,1.05,1.05,1.05,,
Marshall Islands,MHL,Sex ratio at birth (male births per female births),SP.POP.BRTH.MF,,,,,,,,,,,,,,,,,,,,,,,,,,,,,,,,,,,,,,,,,,,,,,,,,,,,,,,,,,,,,
Middle income,MIC,Sex ratio at birth (male births per female births),SP.POP.BRTH.MF,,,1.057305422,,,,,1.057285812,,,,,1.057439625,,,,,1.058637478,,,,,1.063186263,,,,,1.067670204,,,1.075175177,,1.079541929,,,,,1.085658074,,,,,1.087758444,,,,,1.085145356,1.084430553,1.083416673,1.082544992,1.081602006,1.081014842,1.080232087,1.079714396,1.078743169,1.078707301,1.077690023,1.076145555,,
North Macedonia,MKD,Sex ratio at birth (male births per female births),SP.POP.BRTH.MF,,,1.054,,,,,1.054,,,,,1.054,,,,,1.054,,,,,1.054,,,,,1.054,,,1.054,,1.054,,,,,1.054,,,,,1.054,,,,,1.07,1.071,1.073,1.074,1.076,1.077,1.074,1.072,1.069,1.067,1.064,1.062,,
Mali,MLI,Sex ratio at birth (male births per female births),SP.POP.BRTH.MF,,,1.05,,,,,1.05,,,,,1.05,,,,,1.05,,,,,1.05,,,,,1.05,,,1.05,,1.05,,,,,1.05,,,,,1.05,,,,,1.05,1.05,1.05,1.05,1.05,1.05,1.05,1.05,1.05,1.05,1.05,1.05,,
Malta,MLT,Sex ratio at birth (male births per female births),SP.POP.BRTH.MF,,,1.06,,,,,1.06,,,,,1.06,,,,,1.06,,,,,1.06,,,,,1.06,,,1.06,,1.06,,,,,1.06,,,,,1.06,,,,,1.06,1.06,1.06,1.06,1.06,1.06,1.06,1.06,1.06,1.06,1.06,1.06,,
Myanmar,MMR,Sex ratio at birth (male births per female births),SP.POP.BRTH.MF,,,1.03,,,,,1.03,,,,,1.03,,,,,1.03,,,,,1.03,,,,,1.03,,,1.03,,1.03,,,,,1.03,,,,,1.03,,,,,1.03,1.03,1.03,1.03,1.03,1.03,1.03,1.03,1.03,1.03,1.03,1.03,,
Middle East & North Africa (excluding high income),MNA,Sex ratio at birth (male births per female births),SP.POP.BRTH.MF,,,1.053649493,,,,,1.05381128,,,,,1.054047001,,,,,1.05404325,,,,,1.051403659,,,,,1.052105748,,,1.052745917,,1.053377104,,,,,1.054514068,,,,,1.056975211,,,,,1.05767246,1.057627279,1.057764323,1.057858797,1.05802424,1.058025288,1.057750887,1.057449852,1.056814876,1.056477077,1.056138885,1.056115931,,
Montenegro,MNE,Sex ratio at birth (male births per female births),SP.POP.BRTH.MF,,,1.08,,,,,1.08,,,,,1.08,,,,,1.08,,,,,1.08,,,,,1.081,,,1.089,,1.095,,,,,1.099,,,,,1.098,,,,,1.095,1.093,1.091,1.088,1.086,1.084,1.082,1.08,1.078,1.076,1.074,1.072,,
Mongolia,MNG,Sex ratio at birth (male births per female births),SP.POP.BRTH.MF,,,1.03,,,,,1.03,,,,,1.03,,,,,1.03,,,,,1.03,,,,,1.03,,,1.03,,1.03,,,,,1.03,,,,,1.03,,,,,1.03,1.03,1.03,1.03,1.03,1.03,1.03,1.03,1.03,1.03,1.03,1.03,,
Northern Mariana Islands,MNP,Sex ratio at birth (male births per female births),SP.POP.BRTH.MF,,,,,,,,,,,,,,,,,,,,,,,,,,,,,,,,,,,,,,,,,,,,,,,,,,,,,,,,,,,,,
Mozambique,MOZ,Sex ratio at birth (male births per female births),SP.POP.BRTH.MF,,,1.02,,,,,1.021,,,,,1.021,,,,,1.021,,,,,1.021,,,,,1.021,,,1.02,,1.019,,,,,1.013,,,,,1.013,,,,,1.015,1.015,1.016,1.016,1.017,1.017,1.017,1.018,1.018,1.019,1.019,1.018,,
Mauritania,MRT,Sex ratio at birth (male births per female births),SP.POP.BRTH.MF,,,1.05,,,,,1.05,,,,,1.05,,,,,1.05,,,,,1.05,,,,,1.05,,,1.05,,1.05,,,,,1.05,,,,,1.05,,,,,1.05,1.05,1.05,1.05,1.05,1.05,1.05,1.05,1.05,1.05,1.05,1.05,,
Mauritius,MUS,Sex ratio at birth (male births per female births),SP.POP.BRTH.MF,,,1.042,,,,,1.042,,,,,1.042,,,,,1.042,,,,,1.042,,,,,1.042,,,1.042,,1.042,,,,,1.042,,,,,1.042,,,,,1.042,1.042,1.042,1.042,1.042,1.042,1.042,1.042,1.042,1.042,1.042,1.042,,
Malawi,MWI,Sex ratio at birth (male births per female births),SP.POP.BRTH.MF,,,1.02,,,,,1.02,,,,,1.02,,,,,1.02,,,,,1.02,,,,,1.02,,,1.02,,1.02,,,,,1.02,,,,,1.02,,,,,1.025,1.026,1.027,1.028,1.029,1.03,1.03,1.03,1.03,1.03,1.03,1.03,,
Malaysia,MYS,Sex ratio at birth (male births per female births),SP.POP.BRTH.MF,,,1.06,,,,,1.06,,,,,1.06,,,,,1.06,,,,,1.06,,,,,1.06,,,1.06,,1.06,,,,,1.06,,,,,1.06,,,,,1.06,1.06,1.06,1.06,1.06,1.06,1.06,1.06,1.06,1.06,1.06,1.06,,
North America,NAC,Sex ratio at birth (male births per female births),SP.POP.BRTH.MF,,,1.050504648,,,,,1.052285141,,,,,1.053681685,,,,,1.052398283,,,,,1.051466763,,,,,1.050182008,,,1.049453055,,1.049653113,,,,,1.048493395,,,,,1.048453551,,,,,1.048393884,1.048405452,1.048420229,1.04851487,1.048522873,1.048528384,1.048529034,1.048526505,1.047525971,1.047531287,1.047536276,1.04762922,,
Namibia,NAM,Sex ratio at birth (male births per female births),SP.POP.BRTH.MF,,,1.012,,,,,1.012,,,,,1.011,,,,,1.009,,,,,1.007,,,,,1.004,,,1.004,,1.004,,,,,1.006,,,,,1.008,,,,,1.009,1.009,1.009,1.009,1.009,1.009,1.009,1.01,1.01,1.011,1.011,1.011,,
New Caledonia,NCL,Sex ratio at birth (male births per female births),SP.POP.BRTH.MF,,,1.05,,,,,1.05,,,,,1.05,,,,,1.05,,,,,1.05,,,,,1.05,,,1.05,,1.05,,,,,1.05,,,,,1.05,,,,,1.05,1.05,1.05,1.05,1.05,1.05,1.05,1.05,1.05,1.05,1.05,1.05,,
Niger,NER,Sex ratio at birth (male births per female births),SP.POP.BRTH.MF,,,1.05,,,,,1.05,,,,,1.05,,,,,1.05,,,,,1.05,,,,,1.05,,,1.05,,1.05,,,,,1.05,,,,,1.05,,,,,1.05,1.05,1.05,1.05,1.05,1.05,1.05,1.05,1.05,1.05,1.05,1.05,,
Nigeria,NGA,Sex ratio at birth (male births per female births),SP.POP.BRTH.MF,,,1.059,,,,,1.059,,,,,1.059,,,,,1.059,,,,,1.059,,,,,1.059,,,1.059,,1.059,,,,,1.059,,,,,1.059,,,,,1.059,1.059,1.059,1.059,1.059,1.059,1.059,1.059,1.059,1.059,1.059,1.059,,
Nicaragua,NIC,Sex ratio at birth (male births per female births),SP.POP.BRTH.MF,,,1.05,,,,,1.05,,,,,1.05,,,,,1.05,,,,,1.05,,,,,1.05,,,1.05,,1.05,,,,,1.05,,,,,1.05,,,,,1.05,1.05,1.05,1.05,1.05,1.05,1.05,1.05,1.05,1.05,1.05,1.05,,
Netherlands,NLD,Sex ratio at birth (male births per female births),SP.POP.BRTH.MF,,,1.058,,,,,1.058,,,,,1.058,,,,,1.058,,,,,1.058,,,,,1.058,,,1.058,,1.058,,,,,1.058,,,,,1.058,,,,,1.058,1.057,1.057,1.056,1.056,1.055,1.055,1.054,1.054,1.053,1.053,1.052,,
Norway,NOR,Sex ratio at birth (male births per female births),SP.POP.BRTH.MF,,,1.063,,,,,1.064,,,,,1.054,,,,,1.058,,,,,1.058,,,,,1.053,,,1.058,,1.061,,,,,1.058,,,,,1.051,,,,,1.056,1.056,1.055,1.055,1.054,1.054,1.055,1.056,1.056,1.057,1.058,1.058,,
Nepal,NPL,Sex ratio at birth (male births per female births),SP.POP.BRTH.MF,,,1.045,,,,,1.045,,,,,1.045,,,,,1.045,,,,,1.045,,,,,1.045,,,1.05,,1.054,,,,,1.071,,,,,1.071,,,,,1.054,1.054,1.054,1.054,1.054,1.054,1.056,1.058,1.061,1.063,1.065,1.065,,
Nauru,NRU,Sex ratio at birth (male births per female births),SP.POP.BRTH.MF,,,,,,,,,,,,,,,,,,,,,,,,,,,,,,,,,,,,,,,,,,,,,,,,,,,,,,,,,,,,,
New Zealand,NZL,Sex ratio at birth (male births per female births),SP.POP.BRTH.MF,,,1.056,,,,,1.05,,,,,1.05,,,,,1.052,,,,,1.056,,,,,1.051,,,1.058,,1.063,,,,,1.057,,,,,1.047,,,,,1.056,1.056,1.056,1.056,1.056,1.056,1.056,1.056,1.055,1.055,1.055,1.055,,
OECD members,OED,Sex ratio at birth (male births per female births),SP.POP.BRTH.MF,,,1.054079839,,,,,1.054430888,,,,,1.054671875,,,,,1.054288952,,,,,1.054502546,,,,,1.054965191,,,1.055270312,,1.056102961,,,,,1.054111467,,,,,1.052916381,,,,,1.052038763,1.052008936,1.05193035,1.051888588,1.051795938,1.051704329,1.051670538,1.051663349,1.051353522,1.051353349,1.051367583,1.051379107,,
Oman,OMN,Sex ratio at birth (male births per female births),SP.POP.BRTH.MF,,,1.05,,,,,1.05,,,,,1.05,,,,,1.05,,,,,1.05,,,,,1.05,,,1.05,,1.05,,,,,1.05,,,,,1.05,,,,,1.05,1.05,1.05,1.05,1.05,1.05,1.05,1.05,1.05,1.05,1.05,1.05,,
Other small states,OSS,Sex ratio at birth (male births per female births),SP.POP.BRTH.MF,,,1.039390842,,,,,1.037270032,,,,,1.037119636,,,,,1.036520088,,,,,1.035884059,,,,,1.035734587,,,1.035862175,,1.03579694,,,,,1.034890797,,,,,1.034633132,,,,,1.034586038,1.034468736,1.03424999,1.034112158,1.033899631,1.033776956,1.033757938,1.033858185,1.033915856,1.03404118,1.034063011,1.03402732,,
Pakistan,PAK,Sex ratio at birth (male births per female births),SP.POP.BRTH.MF,,,1.064,,,,,1.064,,,,,1.064,,,,,1.064,,,,,1.064,,,,,1.064,,,1.064,,1.064,,,,,1.08,,,,,1.096,,,,,1.086,1.086,1.086,1.087,1.087,1.087,1.087,1.087,1.087,1.087,1.087,1.087,,
Panama,PAN,Sex ratio at birth (male births per female births),SP.POP.BRTH.MF,,,1.05,,,,,1.05,,,,,1.05,,,,,1.05,,,,,1.05,,,,,1.05,,,1.05,,1.05,,,,,1.05,,,,,1.05,,,,,1.05,1.05,1.05,1.05,1.05,1.05,1.05,1.05,1.05,1.05,1.05,1.05,,
Peru,PER,Sex ratio at birth (male births per female births),SP.POP.BRTH.MF,,,1.05,,,,,1.05,,,,,1.05,,,,,1.05,,,,,1.05,,,,,1.05,,,1.05,,1.05,,,,,1.05,,,,,1.05,,,,,1.05,1.05,1.05,1.05,1.05,1.05,1.05,1.05,1.05,1.05,1.05,1.05,,
Philippines,PHL,Sex ratio at birth (male births per female births),SP.POP.BRTH.MF,,,1.06,,,,,1.06,,,,,1.06,,,,,1.06,,,,,1.06,,,,,1.06,,,1.06,,1.06,,,,,1.06,,,,,1.06,,,,,1.06,1.06,1.06,1.06,1.06,1.06,1.06,1.06,1.06,1.06,1.06,1.06,,
Palau,PLW,Sex ratio at birth (male births per female births),SP.POP.BRTH.MF,,,,,,,,,,,,,,,,,,,,,,,,,,,,,,,,,,,,,,,,,,,,,,,,,,,,,,,,,,,,,
Papua New Guinea,PNG,Sex ratio at birth (male births per female births),SP.POP.BRTH.MF,,,1.08,,,,,1.08,,,,,1.08,,,,,1.08,,,,,1.08,,,,,1.08,,,1.08,,1.08,,,,,1.08,,,,,1.08,,,,,1.08,1.08,1.08,1.08,1.08,1.08,1.08,1.08,1.08,1.08,1.08,1.08,,
Poland,POL,Sex ratio at birth (male births per female births),SP.POP.BRTH.MF,,,1.056,,,,,1.056,,,,,1.056,,,,,1.056,,,,,1.056,,,,,1.056,,,1.056,,1.056,,,,,1.056,,,,,1.056,,,,,1.056,1.056,1.056,1.056,1.056,1.056,1.056,1.056,1.056,1.056,1.056,1.056,,
Pre-demographic dividend,PRE,Sex ratio at birth (male births per female births),SP.POP.BRTH.MF,,,1.040572695,,,,,1.040562573,,,,,1.040515086,,,,,1.040431326,,,,,1.040161728,,,,,1.039775464,,,1.039614879,,1.039614829,,,,,1.039512726,,,,,1.039653137,,,,,1.03989929,1.040001423,1.040144701,1.040265306,1.040425759,1.040557022,1.040567988,1.040602067,1.040591712,1.040602527,1.04057365,1.040509111,,
Puerto Rico,PRI,Sex ratio at birth (male births per female births),SP.POP.BRTH.MF,,,1.053,,,,,1.053,,,,,1.053,,,,,1.053,,,,,1.053,,,,,1.053,,,1.053,,1.053,,,,,1.053,,,,,1.053,,,,,1.053,1.053,1.053,1.053,1.053,1.053,1.053,1.053,1.053,1.053,1.053,1.053,,
"Korea, Dem. People’s Rep.",PRK,Sex ratio at birth (male births per female births),SP.POP.BRTH.MF,,,1.05,,,,,1.05,,,,,1.05,,,,,1.05,,,,,1.05,,,,,1.05,,,1.05,,1.05,,,,,1.05,,,,,1.05,,,,,1.05,1.05,1.05,1.05,1.05,1.05,1.05,1.05,1.05,1.05,1.05,1.05,,
Portugal,PRT,Sex ratio at birth (male births per female births),SP.POP.BRTH.MF,,,1.06,,,,,1.06,,,,,1.06,,,,,1.06,,,,,1.06,,,,,1.06,,,1.06,,1.06,,,,,1.06,,,,,1.06,,,,,1.06,1.06,1.06,1.06,1.06,1.06,1.06,1.06,1.06,1.06,1.06,1.06,,
Paraguay,PRY,Sex ratio at birth (male births per female births),SP.POP.BRTH.MF,,,1.05,,,,,1.05,,,,,1.05,,,,,1.05,,,,,1.05,,,,,1.05,,,1.05,,1.05,,,,,1.05,,,,,1.05,,,,,1.05,1.05,1.05,1.05,1.05,1.05,1.05,1.05,1.05,1.05,1.05,1.05,,
West Bank and Gaza,PSE,Sex ratio at birth (male births per female births),SP.POP.BRTH.MF,,,,,,,,,,,,,,,,,,,,,,,,,,,,,,,1.05,,1.05,,,,,1.05,,,,,1.05,,,,,1.05,1.05,1.05,1.05,1.05,1.05,1.05,1.05,1.05,1.05,1.05,1.05,,
Pacific island small states,PSS,Sex ratio at birth (male births per female births),SP.POP.BRTH.MF,,,1.064176446,,,,,1.064559513,,,,,1.065001006,,,,,1.064877564,,,,,1.065564021,,,,,1.065779544,,,1.065930935,,1.065993119,,,,,1.066207273,,,,,1.066379411,,,,,1.066568064,1.066584863,1.066602865,1.066627357,1.066661204,1.066703488,1.066104101,1.065490194,1.064859567,1.064213739,1.063555688,1.062888517,,
Post-demographic dividend,PST,Sex ratio at birth (male births per female births),SP.POP.BRTH.MF,,,1.056041116,,,,,1.056390254,,,,,1.056612342,,,,,1.056155192,,,,,1.056535955,,,,,1.057561966,,,1.057963332,,1.0591747,,,,,1.056678553,,,,,1.054978166,,,,,1.054031915,1.054082652,1.054000715,1.054011681,1.053932605,1.053849781,1.05354629,1.053453938,1.052964521,1.052872051,1.052760791,1.052757444,,
French Polynesia,PYF,Sex ratio at birth (male births per female births),SP.POP.BRTH.MF,,,1.05,,,,,1.05,,,,,1.05,,,,,1.05,,,,,1.05,,,,,1.05,,,1.05,,1.05,,,,,1.05,,,,,1.05,,,,,1.05,1.05,1.05,1.05,1.05,1.05,1.05,1.049,1.049,1.048,1.048,1.048,,
Qatar,QAT,Sex ratio at birth (male births per female births),SP.POP.BRTH.MF,,,1.05,,,,,1.05,,,,,1.05,,,,,1.05,,,,,1.05,,,,,1.052,,,1.052,,1.052,,,,,1.05,,,,,1.048,,,,,1.045,1.045,1.045,1.045,1.045,1.045,1.045,1.045,1.045,1.045,1.045,1.045,,
Romania,ROU,Sex ratio at birth (male births per female births),SP.POP.BRTH.MF,,,1.058,,,,,1.058,,,,,1.058,,,,,1.058,,,,,1.058,,,,,1.058,,,1.058,,1.058,,,,,1.058,,,,,1.058,,,,,1.058,1.058,1.058,1.058,1.058,1.058,1.058,1.058,1.058,1.058,1.058,1.058,,
Russian Federation,RUS,Sex ratio at birth (male births per female births),SP.POP.BRTH.MF,,,1.053,,,,,1.05,,,,,1.049,,,,,1.05,,,,,1.049,,,,,1.053,,,1.056,,1.058,,,,,1.06,,,,,1.062,,,,,1.058,1.058,1.058,1.059,1.059,1.059,1.059,1.059,1.059,1.059,1.059,1.058,,
Rwanda,RWA,Sex ratio at birth (male births per female births),SP.POP.BRTH.MF,,,1.01,,,,,1.01,,,,,1.01,,,,,1.01,,,,,1.01,,,,,1.01,,,1.01,,1.01,,,,,1.01,,,,,1.01,,,,,1.01,1.011,1.013,1.014,1.016,1.017,1.018,1.019,1.021,1.022,1.023,1.024,,
South Asia,SAS,Sex ratio at birth (male births per female births),SP.POP.BRTH.MF,,,1.054020405,,,,,1.054784623,,,,,1.056375726,,,,,1.063982306,,,,,1.076794459,,,,,1.082707331,,,1.088546027,,1.09286472,,,,,1.098628809,,,,,1.101401194,,,,,1.091841104,1.091810261,1.091044918,1.09113355,1.090351029,1.090278689,1.090251391,1.090237076,1.090245603,1.09026449,1.090295121,1.090997301,,
Saudi Arabia,SAU,Sex ratio at birth (male births per female births),SP.POP.BRTH.MF,,,1.03,,,,,1.03,,,,,1.03,,,,,1.03,,,,,1.03,,,,,1.03,,,1.03,,1.03,,,,,1.03,,,,,1.03,,,,,1.03,1.03,1.03,1.03,1.03,1.03,1.03,1.03,1.03,1.03,1.03,1.03,,
Sudan,SDN,Sex ratio at birth (male births per female births),SP.POP.BRTH.MF,,,1.04,,,,,1.04,,,,,1.04,,,,,1.04,,,,,1.04,,,,,1.04,,,1.04,,1.04,,,,,1.04,,,,,1.04,,,,,1.04,1.04,1.04,1.04,1.04,1.04,1.04,1.04,1.04,1.04,1.04,1.04,,
Senegal,SEN,Sex ratio at birth (male births per female births),SP.POP.BRTH.MF,,,1.036,,,,,1.036,,,,,1.036,,,,,1.036,,,,,1.036,,,,,1.036,,,1.036,,1.036,,,,,1.036,,,,,1.036,,,,,1.036,1.036,1.036,1.036,1.036,1.036,1.036,1.036,1.036,1.036,1.036,1.036,,
Singapore,SGP,Sex ratio at birth (male births per female births),SP.POP.BRTH.MF,,,1.073,,,,,1.073,,,,,1.073,,,,,1.073,,,,,1.073,,,,,1.073,,,1.073,,1.073,,,,,1.073,,,,,1.073,,,,,1.073,1.073,1.073,1.073,1.073,1.073,1.073,1.073,1.073,1.073,1.073,1.073,,
Solomon Islands,SLB,Sex ratio at birth (male births per female births),SP.POP.BRTH.MF,,,1.07,,,,,1.07,,,,,1.07,,,,,1.07,,,,,1.07,,,,,1.07,,,1.07,,1.07,,,,,1.07,,,,,1.07,,,,,1.07,1.07,1.07,1.07,1.07,1.07,1.069,1.068,1.067,1.066,1.065,1.064,,
Sierra Leone,SLE,Sex ratio at birth (male births per female births),SP.POP.BRTH.MF,,,1.018,,,,,1.018,,,,,1.018,,,,,1.018,,,,,1.018,,,,,1.018,,,1.018,,1.018,,,,,1.018,,,,,1.018,,,,,1.018,1.018,1.018,1.018,1.018,1.018,1.018,1.018,1.018,1.018,1.018,1.018,,
El Salvador,SLV,Sex ratio at birth (male births per female births),SP.POP.BRTH.MF,,,1.05,,,,,1.05,,,,,1.05,,,,,1.05,,,,,1.05,,,,,1.05,,,1.05,,1.05,,,,,1.05,,,,,1.05,,,,,1.05,1.05,1.05,1.05,1.05,1.05,1.05,1.05,1.05,1.05,1.05,1.05,,
San Marino,SMR,Sex ratio at birth (male births per female births),SP.POP.BRTH.MF,,,,,,,,,,,,,,,,,,,,,,,,,,,,,,,,,,,,,,,,,,,,,,,,,,,,,,,,,,,,,
Somalia,SOM,Sex ratio at birth (male births per female births),SP.POP.BRTH.MF,,,1.03,,,,,1.03,,,,,1.03,,,,,1.03,,,,,1.03,,,,,1.03,,,1.03,,1.03,,,,,1.03,,,,,1.03,,,,,1.03,1.03,1.03,1.03,1.03,1.03,1.03,1.03,1.03,1.03,1.03,1.03,,
Serbia,SRB,Sex ratio at birth (male births per female births),SP.POP.BRTH.MF,,,,,,,,,,,,,,,,,,,,,,,,,,,,,,,1.052,,1.052,,,,,1.052,,,,,1.062,,,,,1.07,1.07,1.07,1.071,1.071,1.071,1.071,1.072,1.072,1.073,1.073,1.07,,
Sub-Saharan Africa (excluding high income),SSA,Sex ratio at birth (male births per female births),SP.POP.BRTH.MF,,,1.037963491,,,,,1.037906149,,,,,1.037851457,,,,,1.037875723,,,,,1.037783759,,,,,1.037586778,,,1.03747749,,1.037514286,,,,,1.037405918,,,,,1.037456138,,,,,1.037709008,1.037829328,1.037991343,1.038119841,1.038287281,1.038418123,1.038444011,1.038497532,1.038528227,1.038575077,1.038588537,1.038571196,,
South Sudan,SSD,Sex ratio at birth (male births per female births),SP.POP.BRTH.MF,,,1.04,,,,,1.04,,,,,1.04,,,,,1.04,,,,,1.04,,,,,1.04,,,1.04,,1.04,,,,,1.04,,,,,1.04,,,,,1.04,1.04,1.04,1.04,1.04,1.04,1.04,1.04,1.04,1.04,1.04,1.04,,
Sub-Saharan Africa,SSF,Sex ratio at birth (male births per female births),SP.POP.BRTH.MF,,,1.037973256,,,,,1.037914024,,,,,1.037860318,,,,,1.03788386,,,,,1.03779063,,,,,1.037592746,,,1.037483647,,1.03752022,,,,,1.03741074,,,,,1.037460444,,,,,1.037712333,1.037832484,1.037994245,1.038122542,1.038289894,1.038420622,1.038446341,1.038499764,1.038530378,1.038577251,1.038590712,1.038573295,,
Small states,SST,Sex ratio at birth (male births per female births),SP.POP.BRTH.MF,,,1.043757803,,,,,1.042432449,,,,,1.042015885,,,,,1.041251194,,,,,1.040678649,,,,,1.040332146,,,1.040287264,,1.040237443,,,,,1.03956272,,,,,1.039161828,,,,,1.038907056,1.038773475,1.038570496,1.038431816,1.038242365,1.038123558,1.038046548,1.038058115,1.038036311,1.038064572,1.038013852,1.037869314,,
Sao Tome and Principe,STP,Sex ratio at birth (male births per female births),SP.POP.BRTH.MF,,,1.03,,,,,1.03,,,,,1.03,,,,,1.03,,,,,1.03,,,,,1.03,,,1.03,,1.03,,,,,1.03,,,,,1.03,,,,,1.03,1.03,1.03,1.03,1.03,1.03,1.03,1.03,1.03,1.03,1.03,1.03,,
Suriname,SUR,Sex ratio at birth (male births per female births),SP.POP.BRTH.MF,,,1.08,,,,,1.08,,,,,1.08,,,,,1.08,,,,,1.08,,,,,1.08,,,1.08,,1.08,,,,,1.08,,,,,1.08,,,,,1.08,1.08,1.08,1.08,1.08,1.08,1.08,1.08,1.08,1.08,1.08,1.076,,
Slovak Republic,SVK,Sex ratio at birth (male births per female births),SP.POP.BRTH.MF,,,1.05,,,,,1.05,,,,,1.05,,,,,1.05,,,,,1.05,,,,,1.05,,,1.05,,1.05,,,,,1.05,,,,,1.05,,,,,1.05,1.05,1.05,1.05,1.05,1.05,1.05,1.05,1.05,1.05,1.05,1.05,,
Slovenia,SVN,Sex ratio at birth (male births per female births),SP.POP.BRTH.MF,,,1.054,,,,,1.054,,,,,1.078,,,,,1.069,,,,,1.055,,,,,1.055,,,1.056,,1.056,,,,,1.065,,,,,1.059,,,,,1.058,1.058,1.058,1.058,1.058,1.058,1.058,1.058,1.057,1.057,1.057,1.056,,
Sweden,SWE,Sex ratio at birth (male births per female births),SP.POP.BRTH.MF,,,1.059,,,,,1.062,,,,,1.062,,,,,1.058,,,,,1.059,,,,,1.058,,,1.056,,1.054,,,,,1.056,,,,,1.061,,,,,1.06,1.06,1.059,1.059,1.058,1.058,1.058,1.059,1.059,1.06,1.06,1.06,,
Eswatini,SWZ,Sex ratio at birth (male births per female births),SP.POP.BRTH.MF,,,1.027,,,,,1.027,,,,,1.028,,,,,1.028,,,,,1.027,,,,,1.027,,,1.027,,1.027,,,,,1.026,,,,,1.026,,,,,1.026,1.026,1.026,1.026,1.026,1.026,1.026,1.026,1.027,1.027,1.027,1.027,,
Sint Maarten (Dutch part),SXM,Sex ratio at birth (male births per female births),SP.POP.BRTH.MF,,,,,,,,,,,,,,,,,,,,,,,,,,,,,,,,,,,,,,,,,,,,,,,,,,,,,,,,,,,,,
Seychelles,SYC,Sex ratio at birth (male births per female births),SP.POP.BRTH.MF,,,1.06,,,,,1.06,,,,,1.06,,,,,1.06,,,,,1.06,,,,,1.06,,,1.06,,1.06,,,,,1.06,,,,,1.06,,,,,1.06,1.06,1.06,1.06,1.06,1.06,1.06,1.06,1.06,1.06,1.06,1.06,,
Syrian Arab Republic,SYR,Sex ratio at birth (male births per female births),SP.POP.BRTH.MF,,,1.05,,,,,1.05,,,,,1.05,,,,,1.05,,,,,1.05,,,,,1.05,,,1.05,,1.05,,,,,1.05,,,,,1.05,,,,,1.05,1.05,1.05,1.05,1.05,1.05,1.05,1.05,1.05,1.05,1.05,1.05,,
Turks and Caicos Islands,TCA,Sex ratio at birth (male births per female births),SP.POP.BRTH.MF,,,,,,,,,,,,,,,,,,,,,,,,,,,,,,,,,,,,,,,,,,,,,,,,,,,,,,,,,,,,,
Chad,TCD,Sex ratio at birth (male births per female births),SP.POP.BRTH.MF,,,1.03,,,,,1.03,,,,,1.03,,,,,1.03,,,,,1.03,,,,,1.03,,,1.03,,1.03,,,,,1.03,,,,,1.03,,,,,1.03,1.03,1.03,1.03,1.03,1.03,1.03,1.03,1.03,1.03,1.03,1.03,,
East Asia & Pacific (IDA & IBRD countries),TEA,Sex ratio at birth (male births per female births),SP.POP.BRTH.MF,,,1.064974505,,,,,1.064839271,,,,,1.064660199,,,,,1.062896937,,,,,1.06385427,,,,,1.070858051,,,1.086621418,,1.095678526,,,,,1.10858338,,,,,1.116089151,,,,,1.122817467,1.120839324,1.118718179,1.116188368,1.114168946,1.112438047,1.110296195,1.108611769,1.106043825,1.10512132,1.102262599,1.097729673,,
Europe & Central Asia (IDA & IBRD countries),TEC,Sex ratio at birth (male births per female births),SP.POP.BRTH.MF,,,1.055384108,,,,,1.054135238,,,,,1.053142041,,,,,1.053139892,,,,,1.05294259,,,,,1.05441728,,,1.056863962,,1.058644431,,,,,1.060699205,,,,,1.062242742,,,,,1.062315203,1.06208946,1.061800219,1.062184981,1.062094572,1.061851534,1.061520003,1.061214456,1.060985073,1.060659544,1.060226986,1.05975128,,
Togo,TGO,Sex ratio at birth (male births per female births),SP.POP.BRTH.MF,,,1.018,,,,,1.018,,,,,1.018,,,,,1.018,,,,,1.018,,,,,1.018,,,1.018,,1.018,,,,,1.018,,,,,1.018,,,,,1.018,1.018,1.018,1.018,1.018,1.018,1.018,1.018,1.018,1.018,1.018,1.018,,
Thailand,THA,Sex ratio at birth (male births per female births),SP.POP.BRTH.MF,,,1.056,,,,,1.056,,,,,1.057,,,,,1.053,,,,,1.052,,,,,1.05,,,1.053,,1.055,,,,,1.061,,,,,1.062,,,,,1.064,1.064,1.063,1.063,1.062,1.062,1.062,1.062,1.062,1.062,1.062,1.062,,
Tajikistan,TJK,Sex ratio at birth (male births per female births),SP.POP.BRTH.MF,,,1.05,,,,,1.05,,,,,1.05,,,,,1.05,,,,,1.05,,,,,1.05,,,1.053,,1.055,,,,,1.06,,,,,1.07,,,,,1.07,1.069,1.068,1.067,1.066,1.065,1.065,1.065,1.065,1.065,1.065,1.065,,
Turkmenistan,TKM,Sex ratio at birth (male births per female births),SP.POP.BRTH.MF,,,1.046,,,,,1.046,,,,,1.046,,,,,1.046,,,,,1.046,,,,,1.046,,,1.046,,1.046,,,,,1.046,,,,,1.046,,,,,1.046,1.046,1.046,1.046,1.046,1.046,1.046,1.046,1.046,1.046,1.046,1.046,,
Latin America & the Caribbean (IDA & IBRD countries),TLA,Sex ratio at birth (male births per female births),SP.POP.BRTH.MF,,,1.049105358,,,,,1.049150161,,,,,1.049138377,,,,,1.049106128,,,,,1.049134972,,,,,1.049121557,,,1.049101522,,1.049098966,,,,,1.049123719,,,,,1.049119427,,,,,1.049073503,1.049063757,1.049054739,1.049048683,1.049041965,1.04903719,1.049034005,1.049032023,1.049030721,1.049029449,1.049027836,1.049021515,,
Timor-Leste,TLS,Sex ratio at birth (male births per female births),SP.POP.BRTH.MF,,,1.05,,,,,1.05,,,,,1.05,,,,,1.05,,,,,1.05,,,,,1.05,,,1.05,,1.05,,,,,1.05,,,,,1.05,,,,,1.05,1.05,1.05,1.05,1.05,1.05,1.05,1.05,1.05,1.05,1.05,1.05,,
Middle East & North Africa (IDA & IBRD countries),TMN,Sex ratio at birth (male births per female births),SP.POP.BRTH.MF,,,1.053649493,,,,,1.05381128,,,,,1.054047001,,,,,1.05404325,,,,,1.051403659,,,,,1.052105748,,,1.052778563,,1.053421558,,,,,1.054590208,,,,,1.057098739,,,,,1.05779978,1.057747013,1.057885549,1.057980696,1.05814775,1.058147794,1.05786822,1.057561789,1.056916707,1.056573629,1.056230289,1.05620772,,
Tonga,TON,Sex ratio at birth (male births per female births),SP.POP.BRTH.MF,,,1.05,,,,,1.05,,,,,1.05,,,,,1.05,,,,,1.05,,,,,1.05,,,1.05,,1.05,,,,,1.05,,,,,1.05,,,,,1.05,1.05,1.05,1.05,1.05,1.05,1.05,1.05,1.05,1.05,1.05,1.05,,
South Asia (IDA & IBRD),TSA,Sex ratio at birth (male births per female births),SP.POP.BRTH.MF,,,1.054020405,,,,,1.054784623,,,,,1.056375726,,,,,1.063982306,,,,,1.076794459,,,,,1.082707331,,,1.088546027,,1.09286472,,,,,1.098628809,,,,,1.101401194,,,,,1.091841104,1.091810261,1.091044918,1.09113355,1.090351029,1.090278689,1.090251391,1.090237076,1.090245603,1.09026449,1.090295121,1.090997301,,
Sub-Saharan Africa (IDA & IBRD countries),TSS,Sex ratio at birth (male births per female births),SP.POP.BRTH.MF,,,1.037973256,,,,,1.037914024,,,,,1.037860318,,,,,1.03788386,,,,,1.03779063,,,,,1.037592746,,,1.037483647,,1.03752022,,,,,1.03741074,,,,,1.037460444,,,,,1.037712333,1.037832484,1.037994245,1.038122542,1.038289894,1.038420622,1.038446341,1.038499764,1.038530378,1.038577251,1.038590712,1.038573295,,
Trinidad and Tobago,TTO,Sex ratio at birth (male births per female births),SP.POP.BRTH.MF,,,1.038,,,,,1.038,,,,,1.038,,,,,1.038,,,,,1.038,,,,,1.038,,,1.038,,1.038,,,,,1.038,,,,,1.038,,,,,1.038,1.038,1.038,1.038,1.038,1.038,1.038,1.038,1.038,1.038,1.038,1.038,,
Tunisia,TUN,Sex ratio at birth (male births per female births),SP.POP.BRTH.MF,,,1.047,,,,,1.048,,,,,1.054,,,,,1.057,,,,,1.058,,,,,1.068,,,1.074,,1.078,,,,,1.08,,,,,1.083,,,,,1.081,1.078,1.075,1.072,1.069,1.066,1.064,1.062,1.059,1.057,1.055,1.054,,
Turkey,TUR,Sex ratio at birth (male births per female births),SP.POP.BRTH.MF,,,1.05,,,,,1.05,,,,,1.05,,,,,1.05,,,,,1.05,,,,,1.05,,,1.05,,1.05,,,,,1.05,,,,,1.05,,,,,1.05,1.05,1.05,1.05,1.05,1.05,1.05,1.05,1.05,1.05,1.05,1.05,,
Tuvalu,TUV,Sex ratio at birth (male births per female births),SP.POP.BRTH.MF,,,,,,,,,,,,,,,,,,,,,,,,,,,,,,,,,,,,,,,,,,,,,,,,,,,,,,,,,,,,,
Tanzania,TZA,Sex ratio at birth (male births per female births),SP.POP.BRTH.MF,,,1.03,,,,,1.03,,,,,1.03,,,,,1.03,,,,,1.03,,,,,1.03,,,1.03,,1.03,,,,,1.03,,,,,1.03,,,,,1.03,1.03,1.03,1.03,1.03,1.03,1.03,1.03,1.03,1.03,1.03,1.03,,
Uganda,UGA,Sex ratio at birth (male births per female births),SP.POP.BRTH.MF,,,1.03,,,,,1.03,,,,,1.03,,,,,1.03,,,,,1.03,,,,,1.03,,,1.03,,1.03,,,,,1.03,,,,,1.03,,,,,1.03,1.03,1.03,1.03,1.03,1.03,1.03,1.03,1.03,1.03,1.03,1.03,,
Ukraine,UKR,Sex ratio at birth (male births per female births),SP.POP.BRTH.MF,,,1.063,,,,,1.059,,,,,1.054,,,,,1.052,,,,,1.054,,,,,1.057,,,1.058,,1.059,,,,,1.064,,,,,1.064,,,,,1.063,1.064,1.064,1.065,1.065,1.066,1.065,1.064,1.064,1.063,1.062,1.062,,
Upper middle income,UMC,Sex ratio at birth (male births per female births),SP.POP.BRTH.MF,,,1.061125792,,,,,1.060959649,,,,,1.060681321,,,,,1.058524146,,,,,1.058905364,,,,,1.064455465,,,1.076175674,,1.082595509,,,,,1.092454838,,,,,1.096453006,,,,,1.099487309,1.097916835,1.096314445,1.09431793,1.092842345,1.09151931,1.089909844,1.088858175,1.086799597,1.086737464,1.084524568,1.080588436,,
Uruguay,URY,Sex ratio at birth (male births per female births),SP.POP.BRTH.MF,,,1.05,,,,,1.05,,,,,1.05,,,,,1.05,,,,,1.05,,,,,1.05,,,1.05,,1.05,,,,,1.05,,,,,1.05,,,,,1.05,1.05,1.05,1.05,1.05,1.05,1.05,1.05,1.05,1.05,1.05,1.05,,
United States,USA,Sex ratio at birth (male births per female births),SP.POP.BRTH.MF,,,1.05,,,,,1.052,,,,,1.053,,,,,1.052,,,,,1.051,,,,,1.05,,,1.049,,1.049,,,,,1.048,,,,,1.048,,,,,1.048,1.048,1.048,1.048,1.048,1.048,1.048,1.048,1.047,1.047,1.047,1.047,,
Uzbekistan,UZB,Sex ratio at birth (male births per female births),SP.POP.BRTH.MF,,,1.05,,,,,1.05,,,,,1.05,,,,,1.05,,,,,1.05,,,,,1.05,,,1.061,,1.069,,,,,1.061,,,,,1.064,,,,,1.067,1.066,1.065,1.064,1.063,1.062,1.062,1.062,1.062,1.062,1.062,1.062,,
St. Vincent and the Grenadines,VCT,Sex ratio at birth (male births per female births),SP.POP.BRTH.MF,,,1.03,,,,,1.03,,,,,1.03,,,,,1.03,,,,,1.03,,,,,1.03,,,1.03,,1.03,,,,,1.03,,,,,1.03,,,,,1.03,1.03,1.03,1.03,1.03,1.03,1.03,1.03,1.03,1.03,1.03,1.03,,
"Venezuela, RB",VEN,Sex ratio at birth (male births per female births),SP.POP.BRTH.MF,,,1.05,,,,,1.05,,,,,1.05,,,,,1.05,,,,,1.05,,,,,1.05,,,1.05,,1.05,,,,,1.05,,,,,1.05,,,,,1.05,1.05,1.05,1.05,1.05,1.05,1.05,1.05,1.05,1.05,1.05,1.05,,
British Virgin Islands,VGB,Sex ratio at birth (male births per female births),SP.POP.BRTH.MF,,,,,,,,,,,,,,,,,,,,,,,,,,,,,,,,,,,,,,,,,,,,,,,,,,,,,,,,,,,,,
Virgin Islands (U.S.),VIR,Sex ratio at birth (male births per female births),SP.POP.BRTH.MF,,,1.06,,,,,1.06,,,,,1.06,,,,,1.06,,,,,1.06,,,,,1.06,,,1.06,,1.06,,,,,1.06,,,,,1.06,,,,,1.06,1.06,1.06,1.06,1.06,1.06,1.06,1.06,1.06,1.06,1.06,1.06,,
Vietnam,VNM,Sex ratio at birth (male births per female births),SP.POP.BRTH.MF,,,1.064,,,,,1.064,,,,,1.064,,,,,1.064,,,,,1.065,,,,,1.064,,,1.065,,1.066,,,,,1.07,,,,,1.081,,,,,1.115,1.117,1.119,1.121,1.123,1.125,1.125,1.124,1.124,1.123,1.123,1.118,,
Vanuatu,VUT,Sex ratio at birth (male births per female births),SP.POP.BRTH.MF,,,1.07,,,,,1.07,,,,,1.07,,,,,1.07,,,,,1.07,,,,,1.07,,,1.07,,1.07,,,,,1.07,,,,,1.07,,,,,1.07,1.07,1.07,1.07,1.07,1.07,1.069,1.068,1.067,1.066,1.065,1.064,,
World,WLD,Sex ratio at birth (male births per female births),SP.POP.BRTH.MF,,,1.05569443,,,,,1.055676925,,,,,1.055731693,,,,,1.056399063,,,,,1.060004362,,,,,1.063588678,,,1.069355884,,1.072672608,,,,,1.076760003,,,,,1.077604594,,,,,1.075020189,1.074403649,1.073601702,1.072862175,1.072126101,1.07164069,1.071004864,1.070574715,1.069729943,1.069721688,1.068864686,1.067533439,,
Samoa,WSM,Sex ratio at birth (male births per female births),SP.POP.BRTH.MF,,,1.08,,,,,1.08,,,,,1.08,,,,,1.08,,,,,1.08,,,,,1.08,,,1.08,,1.08,,,,,1.08,,,,,1.08,,,,,1.08,1.08,1.08,1.08,1.08,1.08,1.08,1.08,1.08,1.08,1.08,1.08,,
Kosovo,XKX,Sex ratio at birth (male births per female births),SP.POP.BRTH.MF,,,,,,,,,,,,,,,,,,,,,,,,,,,,,,,,,,,,,,,,,,,,,,,,,,,,,,,,,,,,,
"Yemen, Rep.",YEM,Sex ratio at birth (male births per female births),SP.POP.BRTH.MF,,,1.05,,,,,1.05,,,,,1.05,,,,,1.05,,,,,1.05,,,,,1.05,,,1.05,,1.05,,,,,1.05,,,,,1.05,,,,,1.05,1.05,1.05,1.05,1.05,1.05,1.05,1.05,1.05,1.05,1.05,1.05,,
South Africa,ZAF,Sex ratio at birth (male births per female births),SP.POP.BRTH.MF,,,1.032,,,,,1.032,,,,,1.032,,,,,1.033,,,,,1.033,,,,,1.032,,,1.031,,1.031,,,,,1.03,,,,,1.031,,,,,1.031,1.031,1.031,1.031,1.031,1.031,1.031,1.031,1.031,1.031,1.031,1.031,,
Zambia,ZMB,Sex ratio at birth (male births per female births),SP.POP.BRTH.MF,,,1.032,,,,,1.032,,,,,1.032,,,,,1.033,,,,,1.033,,,,,1.032,,,1.031,,1.031,,,,,1.03,,,,,1.031,,,,,1.031,1.031,1.031,1.031,1.031,1.031,1.031,1.031,1.031,1.031,1.031,1.031,,
Zimbabwe,ZWE,Sex ratio at birth (male births per female births),SP.POP.BRTH.MF,,,1.03,,,,,1.03,,,,,1.03,,,,,1.03,,,,,1.03,,,,,1.03,,,1.03,,1.03,,,,,1.03,,,,,1.021,,,,,1.02,1.02,1.02,1.02,1.02,1.02,1.02,1.02,1.02,1.02,1.02,1.02,,
